CREATE DATABASE  IF NOT EXISTS `sistema_gestao` /*!40100 DEFAULT CHARACTER SET utf8mb4 COLLATE utf8mb4_unicode_ci */ /*!80016 DEFAULT ENCRYPTION='N' */;
USE `sistema_gestao`;
-- MySQL dump 10.13  Distrib 8.0.42, for Win64 (x86_64)
--
-- Host: localhost    Database: sistema_gestao
-- ------------------------------------------------------
-- Server version	8.0.42-0ubuntu0.20.04.1

/*!40101 SET @OLD_CHARACTER_SET_CLIENT=@@CHARACTER_SET_CLIENT */;
/*!40101 SET @OLD_CHARACTER_SET_RESULTS=@@CHARACTER_SET_RESULTS */;
/*!40101 SET @OLD_COLLATION_CONNECTION=@@COLLATION_CONNECTION */;
/*!50503 SET NAMES utf8 */;
/*!40103 SET @OLD_TIME_ZONE=@@TIME_ZONE */;
/*!40103 SET TIME_ZONE='+00:00' */;
/*!40014 SET @OLD_UNIQUE_CHECKS=@@UNIQUE_CHECKS, UNIQUE_CHECKS=0 */;
/*!40014 SET @OLD_FOREIGN_KEY_CHECKS=@@FOREIGN_KEY_CHECKS, FOREIGN_KEY_CHECKS=0 */;
/*!40101 SET @OLD_SQL_MODE=@@SQL_MODE, SQL_MODE='NO_AUTO_VALUE_ON_ZERO' */;
/*!40111 SET @OLD_SQL_NOTES=@@SQL_NOTES, SQL_NOTES=0 */;

--
-- Table structure for table `caixas`
--

DROP TABLE IF EXISTS `caixas`;
/*!40101 SET @saved_cs_client     = @@character_set_client */;
/*!50503 SET character_set_client = utf8mb4 */;
CREATE TABLE `caixas` (
  `id` int NOT NULL AUTO_INCREMENT,
  `codigo` varchar(50) COLLATE utf8mb4_unicode_ci DEFAULT NULL,
  `modelo` varchar(100) COLLATE utf8mb4_unicode_ci NOT NULL,
  `preco_parda` decimal(10,2) NOT NULL,
  `preco_branca` decimal(10,2) NOT NULL,
  `atualizado_em` timestamp NULL DEFAULT CURRENT_TIMESTAMP ON UPDATE CURRENT_TIMESTAMP,
  `atualizado_por` varchar(100) COLLATE utf8mb4_unicode_ci DEFAULT NULL,
  `fornecedor_id` int DEFAULT NULL,
  PRIMARY KEY (`id`),
  KEY `fk_caixa_fornecedor` (`fornecedor_id`),
  CONSTRAINT `fk_caixa_fornecedor` FOREIGN KEY (`fornecedor_id`) REFERENCES `fornecedores` (`id`) ON DELETE SET NULL
) ENGINE=InnoDB AUTO_INCREMENT=85 DEFAULT CHARSET=utf8mb4 COLLATE=utf8mb4_unicode_ci;
/*!40101 SET character_set_client = @saved_cs_client */;

--
-- Dumping data for table `caixas`
--

LOCK TABLES `caixas` WRITE;
/*!40000 ALTER TABLE `caixas` DISABLE KEYS */;
INSERT INTO `caixas` VALUES (7,'PRD00148','ALÇA 03 PERSONALIZADA BRANCA 1 COR',0.00,3.50,'2025-12-01 17:00:34','Welinton Oliveira',NULL),(8,'PRD00146','ALÇA 03 LISA BRANCA',0.00,3.45,'2025-12-01 17:02:20','Welinton Oliveira',NULL),(9,'PRD00147','ALÇA 03 PERSONALIZADA PARDA 1 COR',3.11,0.00,'2025-12-01 17:03:35','Welinton Oliveira',NULL),(10,'PRD00145',' ALÇA 03 LISA PARDA',3.06,0.00,'2025-12-01 17:04:19','Welinton Oliveira',NULL),(11,'PRD00368','ALÇA 03 PERSONALIZADA BRANCA 2 CORES',0.00,3.55,'2025-12-01 17:05:38','Welinton Oliveira',NULL),(12,'PRD00297','ALÇA 01 LISA PARDA',2.75,0.00,'2025-12-01 17:20:36','Welinton Oliveira',NULL),(13,'PRD00338','ALÇA 01 LISA BRANCA',0.00,3.15,'2025-12-01 17:22:18','Welinton Oliveira',NULL),(14,'PRD00281','ALÇA 01 PERSONALIZADA BRANCA 1 COR',0.00,3.20,'2025-12-01 17:23:22','Welinton Oliveira',NULL),(15,'PRD00381','ALÇA 01 PERSONALIZADA BRANCA 2 CORES',0.00,3.25,'2025-12-01 17:23:53','Welinton Oliveira',NULL),(16,'PRD00337','ALÇA 01 PERSONALIZADA PARDA 1 COR',2.80,0.00,'2025-12-01 17:27:08','Welinton Oliveira',NULL),(17,'PRD00254','ALÇA 02 LISA BRANCA',0.00,3.55,'2025-12-01 17:26:56','Welinton Oliveira',NULL),(18,'PRD00253','ALÇA 02 LISA PARDA',2.82,0.00,'2025-12-01 17:28:27','Welinton Oliveira',NULL),(19,'PRD00251','ALÇA 02 PERSONALIZADA PARDA 1 COR',2.87,0.00,'2025-12-02 16:23:43','Welinton Oliveira',NULL),(20,'PRD00252','ALÇA 02 PERSONALIZADA BRANCA 1 COR',0.00,3.60,'2025-12-02 16:23:33','Welinton Oliveira',NULL),(21,'PRD00385','ALÇA 04 LISA BRANCA',0.00,3.89,'2025-12-02 16:24:59','Welinton Oliveira',NULL),(22,'PRD00383','ALÇA 04 LISA PARDA',3.41,0.00,'2025-12-02 16:25:30','Welinton Oliveira',NULL),(23,'PRD00245','ALÇA 04 PERSONALIZADA BRANCA 1 COR',0.00,3.94,'2025-12-02 16:28:03','Welinton Oliveira',NULL),(24,'PRD00384','ALÇA 04 PERSONALIZADA BRANCA 2 CORES',0.00,3.99,'2025-12-02 16:38:22','Welinton Oliveira',NULL),(25,'PRD00237','ALÇA 04 PERSONALIZADA PARDA 1 COR',3.46,0.00,'2025-12-02 16:39:13','Welinton Oliveira',NULL),(26,'PRD00382','ALÇA 04 PERSONALIZADA PARDA 2 CORES',3.51,0.00,'2025-12-02 16:39:44','Welinton Oliveira',NULL),(27,'PRD00519','ALÇA 05 LISA BRANCA',0.00,3.81,'2025-12-02 16:40:35','Welinton Oliveira',NULL),(28,'PRD00299','ALÇA 05 LISA PARDA',3.30,0.00,'2025-12-02 16:41:20','Welinton Oliveira',NULL),(29,'PRD00295','ALÇA 05 PERSONALIZADA BRANCA 1 COR',0.00,3.86,'2025-12-02 16:41:56','Welinton Oliveira',NULL),(30,'PRD00377','ALÇA 05 PERSONALIZADA BRANCA 2 CORES',0.00,3.91,'2025-12-02 16:42:32','Welinton Oliveira',NULL),(31,'PRD00296','ALÇA 05 PERSONALIZADA PARDA 1 COR',3.35,0.00,'2025-12-02 16:43:07','Welinton Oliveira',NULL),(32,'PRD00378','ALÇA 05 PERSONALIZADA PARDA 2 CORES',3.40,0.00,'2025-12-02 16:44:25','Welinton Oliveira',NULL),(33,'PRD00215','OITAVADA N20 LISA BRANCA',0.00,1.83,'2025-12-02 16:48:56','Welinton Oliveira',NULL),(34,'PRD00003','OITAVADA N20 LISA PARDA',1.59,0.00,'2025-12-02 16:49:49','Welinton Oliveira',NULL),(35,'PRD00217','OITAVADA N20 PERSONALIZADA BRANCA 1 COR',0.00,1.88,'2025-12-02 16:50:45','Welinton Oliveira',NULL),(36,'PRD00356','OITAVADA N20 PERSONALIZADA BRANCA 2 CORES',0.00,1.93,'2025-12-02 16:51:49','Welinton Oliveira',NULL),(37,'PRD00216','OITAVADA N20 PERSONALIZADA PARDA 1 COR',1.49,0.00,'2025-12-02 16:53:09','Welinton Oliveira',NULL),(38,'PRD00357','OITAVADA N20 PERSONALIZADA PARDA 2 CORES',1.69,0.00,'2025-12-02 16:54:03','Welinton Oliveira',NULL),(39,'PRD00015','OITAVADA N25 LISA BRANCA',0.00,1.83,'2025-12-02 16:54:50','Welinton Oliveira',NULL),(40,'PRD00004','OITAVADA N25 LISA PARDA',1.59,0.00,'2025-12-02 17:44:33','Welinton Oliveira',NULL),(42,'PRD00059','RETANGULAR G LISA BRANCA',0.00,4.90,'2025-12-08 15:33:19','Welinton Oliveira',NULL),(43,'PRD00058','RETANGULAR G LISA PARDA',4.45,0.00,'2025-12-08 15:34:05','Welinton Oliveira',NULL),(44,'PRD00369','RETANGULAR G LISA TAMPA BRANCA FUNDO PARDO',4.55,0.00,'2025-12-08 15:34:53','Welinton Oliveira',NULL),(45,'PRD00065','RETANGULAR G PERSONALIZADA BRANCA 1 COR',0.00,4.95,'2025-12-08 15:35:25','Welinton Oliveira',NULL),(46,'PRD00445','RETANGULAR G PERSONALIZADA BRANCA 2 CORES',0.00,5.00,'2025-12-08 15:35:58','Welinton Oliveira',NULL),(47,'PRD00062','RETANGULAR G PERSONALIZADA PARDA 1 COR',4.50,0.00,'2025-12-08 15:36:36','Welinton Oliveira',NULL),(48,'PRD00370','RETANGULAR G PERSONALIZADA TAMPA BRANCA FUNDO PARDO',0.00,4.60,'2025-12-08 15:37:14','Welinton Oliveira',NULL),(49,'PRD00057','RETANGULAR M LISA BRANCA',0.00,3.75,'2025-12-08 15:37:48','Welinton Oliveira',NULL),(50,'PRD00053','RETANGULAR M LISA PARDA',3.30,0.00,'2025-12-26 12:17:52','Welinton Oliveira',NULL),(52,'PRD00064','RETANGULAR M PERSONALIZADA BRANCA 1 COR',0.00,3.80,'2025-12-08 15:43:52','Welinton Oliveira',NULL),(53,'PRD00398','RETANGULAR M PERSONALIZADA BRANCA 2 CORES',0.00,3.85,'2025-12-08 15:44:54','Welinton Oliveira',NULL),(54,'PRD00061','RETANGULAR M PERSONALIZADA PARDA 1 COR',3.30,0.00,'2025-12-08 15:45:37','Welinton Oliveira',NULL),(56,'TAMPA BRANCA FUNDO PARDO, LISA DESCONTA R$ 0,05','RETANGULAR M PERSONALIZADA ',3.55,0.00,'2025-12-08 15:58:25','Welinton Oliveira',NULL),(57,'PRD00054',' RETANGULAR MINI LISA',1.30,1.45,'2025-12-08 16:00:29','Welinton Oliveira',NULL),(58,NULL,' RETANGULAR MINI PERSONALIZADA',1.35,1.50,'2025-12-08 16:01:10','Welinton Oliveira',NULL),(59,NULL,'RETANGULAR P LISA',2.30,2.50,'2025-12-08 16:02:15','Welinton Oliveira',NULL),(60,'2 cores adiciona R$ 0,05 centavos','RETANGULAR P PERSONALIZADA BRANCA',0.00,2.55,'2025-12-08 16:05:31','Welinton Oliveira',NULL),(61,NULL,'RETANGULAR P PERSONALIZADA PARDA 1 COR',2.35,0.00,'2025-12-08 16:07:21','Welinton Oliveira',NULL),(62,NULL,'RETANGULAR PP LISA',1.70,1.88,'2025-12-08 16:10:19','Welinton Oliveira',NULL),(63,'2 cores adiciona R$ 0,05 centavos','RETANGULAR PP PERSONALIZADA',0.00,1.93,'2025-12-08 16:13:09','Welinton Oliveira',NULL),(64,NULL,'RETANGULAR PP PERSONALIZADA',1.75,0.00,'2025-12-08 16:15:35','Welinton Oliveira',NULL),(65,NULL,'RETANGULAR PP1 LISA',1.85,2.06,'2025-12-08 16:16:58','Welinton Oliveira',NULL),(66,NULL,'RETANGULAR PP1 PERSONALIZADA',1.90,2.55,'2025-12-18 16:00:59','Welinton Oliveira',NULL),(67,NULL,'RETANGULAR PP2 LISA',2.60,2.93,'2025-12-08 16:20:47','Welinton Oliveira',NULL),(68,NULL,'RETANGULAR PP2 PERSONALIZADA',2.65,2.98,'2025-12-08 16:22:02','Welinton Oliveira',NULL),(69,'2 cores adiciona R$ 0,05 centavos','RETANGULAR PP3 PERSONALIZADA',2.95,2.35,'2025-12-08 16:24:53','Welinton Oliveira',NULL),(70,NULL,'FUNDO CX RETANGULAR M LISA PARDO',2.25,0.00,'2025-12-08 16:27:40','Welinton Oliveira',NULL),(71,NULL,'CX COMBO G LISA',2.90,3.30,'2025-12-08 16:33:42','Welinton Oliveira',NULL),(72,'2 cores adiciona R$ 0,05 centavos','COMBO G PERSONALIZADA',2.95,3.35,'2025-12-08 16:34:58','Welinton Oliveira',NULL),(73,NULL,'COMBO GG LISA',4.30,5.05,'2025-12-08 16:36:54','Welinton Oliveira',NULL),(74,'2 cores adiciona R$ 0,05 centavos','COMBO GG PERSONALIZADA ',4.35,5.10,'2025-12-08 17:52:39','Welinton Oliveira',NULL),(75,NULL,'COMBO M LISA',2.60,2.95,'2025-12-08 17:53:48','Welinton Oliveira',NULL),(76,NULL,'COMBO M PERSONALIZADA',2.65,3.00,'2025-12-08 17:55:08','Welinton Oliveira',NULL),(77,NULL,'PIZZA QUADRADA N25 OFFSET PERSONALIZADA',0.00,3.11,'2025-12-08 18:10:33','Welinton Oliveira',NULL),(78,NULL,'PIZZA QUADRADA N30 OFFSET PERSONALIZADA',0.00,3.13,'2025-12-08 18:10:52','Welinton Oliveira',NULL),(79,NULL,'PIZZA QUADRADA N35 LISA',2.75,3.10,'2025-12-08 18:11:44','Welinton Oliveira',NULL),(80,'2 CORES ADICIONA 5 CENTAVOS, 3 CORES 10 CENTAVOS','PIZZA QUADRADA N35 OFFSET PERSONALIZADA',2.80,3.15,'2025-12-08 18:28:21','Welinton Oliveira',NULL),(81,'2 cores adiciona 0,05, 3 cores adiciona 0,10','PIZZA QUADRADA P BRANCA',0.00,2.40,'2025-12-18 15:59:17','Welinton Oliveira',NULL),(82,NULL,'MALETA C3 PERSONALIZADA PARDA',5.95,0.00,'2026-02-09 18:50:28','Welinton Oliveira',NULL),(83,NULL,'MALETA GG PERSONALIZADA PARDA',5.90,0.00,'2026-02-09 18:51:04','Welinton Oliveira',NULL),(84,NULL,'MALETA C6 PERSONALIZADA PARDA',11.35,0.00,'2026-02-09 18:51:56','Welinton Oliveira',NULL);
/*!40000 ALTER TABLE `caixas` ENABLE KEYS */;
UNLOCK TABLES;

--
-- Table structure for table `checklists`
--

DROP TABLE IF EXISTS `checklists`;
/*!40101 SET @saved_cs_client     = @@character_set_client */;
/*!50503 SET character_set_client = utf8mb4 */;
CREATE TABLE `checklists` (
  `id` int NOT NULL AUTO_INCREMENT,
  `veiculo` enum('Master','Strada','Fiorino') COLLATE utf8mb4_unicode_ci NOT NULL,
  `oleo` enum('Baixo','Médio','Apto') COLLATE utf8mb4_unicode_ci NOT NULL,
  `agua` enum('Baixo','Médio','Apto') COLLATE utf8mb4_unicode_ci NOT NULL,
  `freio` enum('Baixo','Médio','Apto') COLLATE utf8mb4_unicode_ci NOT NULL,
  `direcao` enum('Baixo','Médio','Apto') COLLATE utf8mb4_unicode_ci NOT NULL,
  `combustivel` enum('Reserva','Abaixo de meio tanque','Meio tanque','Acima de meio tanque','Completo') COLLATE utf8mb4_unicode_ci NOT NULL,
  `pneu_calibragem` enum('Baixo','Médio','Apto') COLLATE utf8mb4_unicode_ci NOT NULL,
  `pneu_estado` enum('Desgastado','Meia vida','Apto') COLLATE utf8mb4_unicode_ci NOT NULL,
  `luzes` enum('Defeito pisca','Defeito lanterna','Defeito farol','Todos Aptos') COLLATE utf8mb4_unicode_ci NOT NULL,
  `ruidos` enum('Sem ruídos anormais','Ruído motor','Ruído suspensão','Ruído portas') COLLATE utf8mb4_unicode_ci NOT NULL,
  `lixo` enum('Pendente','Feito') COLLATE utf8mb4_unicode_ci NOT NULL,
  `responsavel` enum('Eliege','Mário','Mirna','Renilson') COLLATE utf8mb4_unicode_ci NOT NULL,
  `motorista` varchar(100) CHARACTER SET utf8mb4 COLLATE utf8mb4_0900_ai_ci NOT NULL,
  `observacao` text COLLATE utf8mb4_unicode_ci,
  `foto` varchar(255) COLLATE utf8mb4_unicode_ci DEFAULT NULL,
  `registrado_por` varchar(100) COLLATE utf8mb4_unicode_ci DEFAULT NULL,
  `criado_em` timestamp NULL DEFAULT CURRENT_TIMESTAMP,
  `atualizado_em` timestamp NULL DEFAULT CURRENT_TIMESTAMP ON UPDATE CURRENT_TIMESTAMP,
  `atualizado_por` varchar(100) COLLATE utf8mb4_unicode_ci DEFAULT NULL,
  PRIMARY KEY (`id`)
) ENGINE=InnoDB AUTO_INCREMENT=167 DEFAULT CHARSET=utf8mb4 COLLATE=utf8mb4_unicode_ci;
/*!40101 SET character_set_client = @saved_cs_client */;

--
-- Dumping data for table `checklists`
--

LOCK TABLES `checklists` WRITE;
/*!40000 ALTER TABLE `checklists` DISABLE KEYS */;
INSERT INTO `checklists` VALUES (2,'Master','Apto','Apto','Apto','Apto','Acima de meio tanque','Médio','Meia vida','Defeito farol','Ruído motor','Feito','Eliege','Flávio',NULL,NULL,'Flávio Costa','2025-09-10 17:14:49','2025-09-10 17:14:49',NULL),(3,'Strada','Apto','Baixo','Baixo','Apto','Completo','Apto','Desgastado','Todos Aptos','Sem ruídos anormais','Feito','Eliege','Bryan',NULL,NULL,'Brian Kauan','2025-09-10 18:09:32','2025-09-10 18:09:32',NULL),(4,'Fiorino','Apto','Apto','Apto','Apto','Completo','Apto','Apto','Todos Aptos','Sem ruídos anormais','Feito','Eliege','Fabrício',NULL,NULL,'Fabrício Nascimento','2025-09-10 19:44:32','2025-09-10 19:44:32',NULL),(5,'Master','Apto','Apto','Apto','Apto','Acima de meio tanque','Médio','Meia vida','Defeito farol','Sem ruídos anormais','Feito','Eliege','Flávio',NULL,NULL,'Flávio Costa','2025-09-11 18:12:35','2025-09-11 18:12:35',NULL),(6,'Strada','Apto','Apto','Apto','Apto','Abaixo de meio tanque','Apto','Apto','Todos Aptos','Sem ruídos anormais','Feito','Eliege','Bryan',NULL,NULL,'Brian Kauan','2025-09-11 19:48:18','2025-09-11 19:48:18',NULL),(7,'Master','Apto','Apto','Apto','Apto','Meio tanque','Médio','Meia vida','Defeito farol','Sem ruídos anormais','Feito','Eliege','Flávio',NULL,NULL,'Flávio Costa','2025-09-12 17:40:24','2025-09-12 17:40:24',NULL),(8,'Fiorino','Apto','Apto','Apto','Apto','Meio tanque','Apto','Apto','Todos Aptos','Sem ruídos anormais','Feito','Eliege','Fabrício',NULL,NULL,'Fabrício Nascimento','2025-09-12 18:24:39','2025-09-12 18:24:39',NULL),(9,'Strada','Apto','Apto','Apto','Apto','Completo','Apto','Apto','Todos Aptos','Sem ruídos anormais','Feito','Eliege','Bryan',NULL,NULL,'Brian Kauan','2025-09-12 18:34:07','2025-09-12 18:34:07',NULL),(10,'Master','Apto','Apto','Apto','Apto','Abaixo de meio tanque','Médio','Meia vida','Defeito farol','Sem ruídos anormais','Feito','Eliege','Flávio',NULL,NULL,'Flávio Costa','2025-09-15 16:20:11','2025-09-15 16:20:11',NULL),(11,'Master','Apto','Apto','Apto','Apto','Completo','Médio','Meia vida','Defeito farol','Sem ruídos anormais','Feito','Eliege','Flávio',NULL,NULL,'Flávio Costa','2025-09-16 17:32:36','2025-09-16 17:32:36',NULL),(12,'Strada','Médio','Apto','Médio','Apto','Acima de meio tanque','Médio','Meia vida','Todos Aptos','Sem ruídos anormais','Feito','Eliege','Flávio',NULL,NULL,'Flávio Costa','2025-09-18 16:42:15','2025-09-18 16:42:15',NULL),(13,'Strada','Apto','Apto','Apto','Apto','Abaixo de meio tanque','Apto','Apto','Todos Aptos','Sem ruídos anormais','Feito','Eliege','Bryan',NULL,NULL,'Brian Kauan','2025-09-19 16:45:38','2025-09-19 16:45:38',NULL),(14,'Master','Apto','Apto','Apto','Apto','Acima de meio tanque','Médio','Meia vida','Defeito farol','Sem ruídos anormais','Pendente','Eliege','Flávio',NULL,NULL,'Flávio Costa','2025-09-19 16:49:29','2025-09-19 16:49:29',NULL),(15,'Master','Apto','Médio','Apto','Apto','Meio tanque','Médio','Meia vida','Defeito farol','Sem ruídos anormais','Feito','Eliege','Flávio',NULL,NULL,'Flávio Costa','2025-09-22 17:27:04','2025-09-22 17:27:04',NULL),(16,'Strada','Apto','Apto','Baixo','Apto','Meio tanque','Apto','Apto','Todos Aptos','Sem ruídos anormais','Feito','Eliege','Bryan',NULL,NULL,'Brian Kauan','2025-09-22 19:03:49','2025-09-22 19:03:49',NULL),(17,'Master','Apto','Apto','Apto','Apto','Completo','Médio','Meia vida','Defeito farol','Sem ruídos anormais','Feito','Eliege','Flávio',NULL,NULL,'Flávio Costa','2025-09-23 18:26:17','2025-09-23 18:26:17',NULL),(18,'Master','Apto','Apto','Apto','Apto','Completo','Médio','Meia vida','Defeito farol','Sem ruídos anormais','Feito','Eliege','Bryan',NULL,NULL,'Brian Kauan','2025-09-23 18:27:54','2025-09-23 18:27:54',NULL),(19,'Strada','Apto','Apto','Apto','Apto','Acima de meio tanque','Médio','Meia vida','Defeito lanterna','Sem ruídos anormais','Feito','Eliege','Flávio',NULL,NULL,'Flávio Costa','2025-09-24 16:50:07','2025-09-24 16:50:07',NULL),(20,'Strada','Apto','Apto','Médio','Apto','Completo','Médio','Meia vida','Defeito lanterna','Sem ruídos anormais','Feito','Eliege','Flávio',NULL,NULL,'Flávio Costa','2025-09-25 18:24:04','2025-09-25 18:24:04',NULL),(21,'Strada','Apto','Apto','Apto','Apto','Meio tanque','Apto','Apto','Todos Aptos','Sem ruídos anormais','Feito','Eliege','Fabrício',NULL,NULL,'Fabrício Nascimento','2025-09-26 18:18:34','2025-09-26 18:18:34',NULL),(22,'Strada','Apto','Apto','Apto','Apto','Completo','Apto','Apto','Defeito farol','Sem ruídos anormais','Feito','Eliege','Flávio',NULL,NULL,'Flávio Costa','2025-09-29 11:20:25','2025-09-29 11:20:25',NULL),(23,'Master','Apto','Apto','Apto','Apto','Abaixo de meio tanque','Médio','Meia vida','Defeito farol','Sem ruídos anormais','Pendente','Eliege','Flávio',NULL,NULL,'Flávio Costa','2025-09-29 14:05:35','2025-09-29 14:05:35',NULL),(24,'Master','Apto','Médio','Apto','Apto','Completo','Médio','Meia vida','Defeito farol','Sem ruídos anormais','Feito','Eliege','Flávio',NULL,NULL,'Flávio Costa','2025-09-30 16:53:47','2025-09-30 16:53:47',NULL),(25,'Strada','Apto','Apto','Apto','Apto','Meio tanque','Apto','Apto','Todos Aptos','Sem ruídos anormais','Feito','Eliege','Fabrício',NULL,NULL,'Fabrício Nascimento','2025-10-01 18:51:36','2025-10-01 18:51:36',NULL),(26,'Strada','Apto','Apto','Apto','Apto','Completo','Apto','Apto','Todos Aptos','Sem ruídos anormais','Feito','Eliege','Fabrício',NULL,NULL,'Fabrício Nascimento','2025-10-02 14:14:58','2025-10-02 14:14:58',NULL),(27,'Master','Apto','Apto','Apto','Apto','Meio tanque','Médio','Meia vida','Defeito farol','Sem ruídos anormais','Feito','Eliege','Flávio',NULL,NULL,'Flávio Costa','2025-10-02 16:51:25','2025-10-02 16:51:25',NULL),(28,'Master','Apto','Apto','Apto','Apto','Abaixo de meio tanque','Apto','Apto','Todos Aptos','Sem ruídos anormais','Feito','Eliege','Fabrício',NULL,NULL,'Fabrício Nascimento','2025-10-03 17:37:05','2025-10-03 17:37:05',NULL),(29,'Strada','Apto','Apto','Apto','Apto','Reserva','Médio','Apto','Defeito pisca','Sem ruídos anormais','Feito','Eliege','Flávio',NULL,NULL,'Flávio Costa','2025-10-04 14:53:17','2025-10-04 14:53:17',NULL),(30,'Master','Apto','Apto','Apto','Apto','Acima de meio tanque','Médio','Meia vida','Defeito farol','Sem ruídos anormais','Feito','Eliege','Flávio',NULL,NULL,'Flávio Costa','2025-10-06 12:12:41','2025-10-06 12:12:41',NULL),(31,'Master','Apto','Apto','Apto','Apto','Meio tanque','Médio','Meia vida','Defeito farol','Sem ruídos anormais','Feito','Eliege','Flávio',NULL,NULL,'Flávio Costa','2025-10-07 17:00:12','2025-10-07 17:00:12',NULL),(32,'Strada','Apto','Apto','Apto','Apto','Completo','Médio','Apto','Defeito lanterna','Sem ruídos anormais','Feito','Eliege','Flávio',NULL,NULL,'Flávio Costa','2025-10-08 17:29:17','2025-10-08 17:29:17',NULL),(33,'Strada','Apto','Apto','Apto','Apto','Acima de meio tanque','Apto','Apto','Todos Aptos','Sem ruídos anormais','Feito','Eliege','Fabrício',NULL,NULL,'Fabrício Nascimento','2025-10-09 16:57:43','2025-10-09 16:57:43',NULL),(34,'Master','Apto','Apto','Apto','Apto','Completo','Médio','Meia vida','Defeito farol','Sem ruídos anormais','Feito','Eliege','Flávio',NULL,NULL,'Flávio Costa','2025-10-09 17:20:49','2025-10-09 17:20:49',NULL),(35,'Strada','Apto','Apto','Apto','Apto','Acima de meio tanque','Apto','Apto','Todos Aptos','Sem ruídos anormais','Feito','Eliege','Fabrício',NULL,NULL,'Fabrício Nascimento','2025-10-10 19:21:28','2025-10-10 19:21:28',NULL),(36,'Strada','Apto','Apto','Apto','Apto','Completo','Médio','Apto','Defeito pisca','Sem ruídos anormais','Feito','Eliege','Flávio',NULL,NULL,'Flávio Costa','2025-10-13 18:46:11','2025-10-13 18:46:11',NULL),(37,'Master','Apto','Apto','Apto','Apto','Acima de meio tanque','Médio','Meia vida','Defeito farol','Sem ruídos anormais','Feito','Eliege','Flávio',NULL,NULL,'Flávio Costa','2025-10-14 16:59:27','2025-10-14 16:59:27',NULL),(38,'Strada','Apto','Apto','Apto','Apto','Acima de meio tanque','Médio','Apto','Todos Aptos','Sem ruídos anormais','Feito','Eliege','Flávio',NULL,NULL,'Flávio Costa','2025-10-15 16:41:56','2025-10-15 16:41:56',NULL),(39,'Strada','Apto','Apto','Apto','Apto','Abaixo de meio tanque','Médio','Apto','Defeito pisca','Sem ruídos anormais','Feito','Eliege','Flávio',NULL,NULL,'Flávio Costa','2025-10-16 13:41:40','2025-10-16 13:41:40',NULL),(40,'Strada','Apto','Apto','Apto','Apto','Meio tanque','Médio','Apto','Todos Aptos','Sem ruídos anormais','Feito','Eliege','Flávio',NULL,NULL,'Flávio Costa','2025-10-17 19:25:03','2025-10-17 19:25:03',NULL),(41,'Strada','Apto','Apto','Apto','Apto','Reserva','Médio','Apto','Todos Aptos','Sem ruídos anormais','Feito','Eliege','Flávio',NULL,NULL,'Flávio Costa','2025-10-18 15:34:11','2025-10-18 15:34:11',NULL),(42,'Master','Apto','Apto','Apto','Apto','Acima de meio tanque','Médio','Meia vida','Defeito farol','Sem ruídos anormais','Feito','Eliege','Flávio',NULL,NULL,'Flávio Costa','2025-10-21 16:35:51','2025-10-21 16:35:51',NULL),(43,'Strada','Apto','Apto','Apto','Apto','Acima de meio tanque','Médio','Apto','Todos Aptos','Sem ruídos anormais','Pendente','Eliege','Flávio',NULL,NULL,'Flávio Costa','2025-10-22 16:53:48','2025-10-22 16:53:48',NULL),(44,'Strada','Apto','Apto','Apto','Apto','Abaixo de meio tanque','Médio','Apto','Todos Aptos','Sem ruídos anormais','Pendente','Eliege','Flávio',NULL,NULL,'Flávio Costa','2025-10-24 16:52:47','2025-10-24 16:52:47',NULL),(45,'Strada','Apto','Apto','Apto','Apto','Acima de meio tanque','Médio','Apto','Todos Aptos','Sem ruídos anormais','Feito','Eliege','Flávio',NULL,NULL,'Flávio Costa','2025-10-25 13:45:37','2025-10-25 13:45:37',NULL),(46,'Strada','Apto','Apto','Apto','Apto','Abaixo de meio tanque','Médio','Apto','Todos Aptos','Sem ruídos anormais','Feito','Eliege','Flávio',NULL,NULL,'Flávio Costa','2025-10-27 18:28:22','2025-10-27 18:28:22',NULL),(47,'Strada','Apto','Apto','Apto','Apto','Acima de meio tanque','Médio','Apto','Todos Aptos','Sem ruídos anormais','Feito','Eliege','Flávio',NULL,NULL,'Flávio Costa','2025-10-28 16:39:46','2025-10-28 16:39:46',NULL),(48,'Strada','Apto','Apto','Apto','Apto','Abaixo de meio tanque','Apto','Meia vida','Defeito farol','Sem ruídos anormais','Feito','Eliege','Flávio',NULL,NULL,'Flávio Costa','2025-10-29 17:26:59','2025-10-29 17:26:59',NULL),(49,'Strada','Apto','Apto','Apto','Apto','Abaixo de meio tanque','Médio','Apto','Defeito farol','Sem ruídos anormais','Feito','Eliege','Flávio',NULL,NULL,'Flávio Costa','2025-10-30 13:11:14','2025-10-30 13:11:14',NULL),(50,'Strada','Apto','Apto','Apto','Apto','Abaixo de meio tanque','Médio','Apto','Defeito farol','Sem ruídos anormais','Feito','Eliege','Flávio',NULL,NULL,'Flávio Costa','2025-11-03 12:02:19','2025-11-03 12:02:19',NULL),(51,'Master','Apto','Apto','Apto','Apto','Completo','Médio','Meia vida','Defeito farol','Ruído motor','Pendente','Eliege','Flávio',NULL,NULL,'Flávio Costa','2025-11-03 18:50:53','2025-11-03 18:50:53',NULL),(53,'Master','Médio','Apto','Apto','Apto','Acima de meio tanque','Apto','Apto','Defeito pisca','Ruído portas','Feito','Eliege','Thiago',NULL,NULL,'Thiago','2025-11-04 18:02:09','2025-11-04 18:02:09',NULL),(54,'Strada','Médio','Apto','Apto','Apto','Abaixo de meio tanque','Médio','Apto','Todos Aptos','Sem ruídos anormais','Pendente','Eliege','Flávio',NULL,NULL,'Flávio Costa','2025-11-05 18:06:03','2025-11-05 18:06:03',NULL),(55,'Strada','Apto','Apto','Apto','Apto','Acima de meio tanque','Médio','Apto','Defeito pisca','Sem ruídos anormais','Feito','Eliege','Flávio',NULL,NULL,'Flávio Costa','2025-11-07 13:31:30','2025-11-07 13:31:30',NULL),(56,'Strada','Apto','Apto','Apto','Apto','Reserva','Médio','Apto','Todos Aptos','Sem ruídos anormais','Feito','Eliege','Flávio',NULL,NULL,'Flávio Costa','2025-11-10 12:24:40','2025-11-10 12:24:40',NULL),(57,'Master','Apto','Apto','Apto','Apto','Meio tanque','Médio','Meia vida','Defeito farol','Sem ruídos anormais','Feito','Eliege','Flávio',NULL,NULL,'Flávio Costa','2025-11-10 16:27:50','2025-11-10 16:27:50',NULL),(58,'Strada','Apto','Apto','Apto','Apto','Acima de meio tanque','Médio','Apto','Todos Aptos','Sem ruídos anormais','Feito','Eliege','Flávio',NULL,NULL,'Flávio Costa','2025-11-11 18:25:28','2025-11-11 18:25:28',NULL),(59,'Strada','Apto','Apto','Apto','Apto','Abaixo de meio tanque','Médio','Apto','Todos Aptos','Sem ruídos anormais','Feito','Eliege','Flávio',NULL,NULL,'Flávio Costa','2025-11-12 19:27:33','2025-11-12 19:27:33',NULL),(60,'Strada','Apto','Apto','Apto','Apto','Acima de meio tanque','Médio','Apto','Todos Aptos','Sem ruídos anormais','Feito','Eliege','Flávio',NULL,NULL,'Flávio Costa','2025-11-13 21:40:16','2025-11-13 21:40:16',NULL),(61,'Master','Apto','Apto','Baixo','Apto','Meio tanque','Médio','Meia vida','Todos Aptos','Ruído motor','Pendente','Eliege','Flávio',NULL,NULL,'Flávio Costa','2025-11-14 15:56:55','2025-11-14 15:56:55',NULL),(62,'Strada','Apto','Apto','Apto','Apto','Abaixo de meio tanque','Apto','Apto','Todos Aptos','Sem ruídos anormais','Feito','Eliege','Thiago',NULL,NULL,'Thiago','2025-11-14 17:37:00','2025-11-14 17:37:00',NULL),(63,'Strada','Apto','Apto','Apto','Apto','Abaixo de meio tanque','Apto','Apto','Todos Aptos','Sem ruídos anormais','Feito','Eliege','Thiago',NULL,NULL,'Thiago','2025-11-14 17:37:00','2025-11-14 17:37:00',NULL),(64,'Master','Apto','Apto','Apto','Apto','Acima de meio tanque','Apto','Apto','Todos Aptos','Ruído portas','Feito','Eliege','Thiago',NULL,NULL,'Thiago','2025-11-17 18:57:56','2025-11-17 18:57:56',NULL),(65,'Strada','Apto','Apto','Apto','Apto','Reserva','Médio','Apto','Todos Aptos','Ruído portas','Feito','Eliege','Flávio',NULL,NULL,'Flávio Costa','2025-11-17 19:05:05','2025-11-17 19:05:05',NULL),(66,'Master','Apto','Apto','Apto','Apto','Acima de meio tanque','Apto','Apto','Todos Aptos','Ruído portas','Feito','Eliege','Thiago',NULL,NULL,'Thiago','2025-11-18 18:35:40','2025-11-18 18:35:40',NULL),(67,'Strada','Apto','Apto','Apto','Apto','Acima de meio tanque','Médio','Apto','Todos Aptos','Ruído portas','Feito','Eliege','Flávio',NULL,NULL,'Flávio Costa','2025-11-18 20:31:09','2025-11-18 20:31:09',NULL),(68,'Master','Apto','Apto','Apto','Baixo','Meio tanque','Apto','Apto','Todos Aptos','Ruído portas','Feito','Eliege','Thiago',NULL,NULL,'Thiago','2025-11-19 17:48:02','2025-11-19 17:48:02',NULL),(69,'Strada','Apto','Apto','Apto','Apto','Acima de meio tanque','Médio','Apto','Todos Aptos','Ruído portas','Feito','Eliege','Flávio',NULL,NULL,'Flávio Costa','2025-11-19 20:57:57','2025-11-19 20:57:57',NULL),(70,'Master','Apto','Apto','Apto','Apto','Meio tanque','Médio','Meia vida','Todos Aptos','Ruído motor','Pendente','Renilson','Flávio',NULL,NULL,'Flávio Costa','2025-11-20 14:21:02','2025-11-20 14:21:02',NULL),(71,'Strada','Apto','Apto','Apto','Apto','Abaixo de meio tanque','Médio','Apto','Todos Aptos','Sem ruídos anormais','Feito','Renilson','Flávio',NULL,NULL,'Flávio Costa','2025-11-20 17:13:53','2025-11-20 17:13:53',NULL),(72,'Master','Apto','Baixo','Apto','Apto','Abaixo de meio tanque','Apto','Apto','Todos Aptos','Ruído portas','Feito','Eliege','Thiago',NULL,NULL,'Thiago','2025-11-20 17:36:59','2025-11-20 17:36:59',NULL),(73,'Strada','Apto','Apto','Apto','Apto','Abaixo de meio tanque','Médio','Apto','Todos Aptos','Ruído portas','Feito','Eliege','Flávio',NULL,NULL,'Flávio Costa','2025-11-21 16:16:18','2025-11-21 16:16:18',NULL),(74,'Master','Apto','Apto','Apto','Apto','Abaixo de meio tanque','Apto','Apto','Todos Aptos','Ruído portas','Feito','Eliege','Thiago',NULL,NULL,'Thiago','2025-11-25 17:26:47','2025-11-25 17:26:47',NULL),(75,'Master','Apto','Apto','Médio','Apto','Acima de meio tanque','Médio','Meia vida','Todos Aptos','Sem ruídos anormais','Feito','Eliege','Flávio',NULL,NULL,'Flávio Costa','2025-11-26 15:19:27','2025-11-26 15:19:27',NULL),(76,'Master','Apto','Apto','Apto','Apto','Acima de meio tanque','Apto','Apto','Todos Aptos','Ruído portas','Feito','Eliege','Thiago',NULL,NULL,'Thiago','2025-11-26 17:50:28','2025-11-26 17:50:28',NULL),(77,'Master','Apto','Apto','Apto','Apto','Acima de meio tanque','Apto','Apto','Todos Aptos','Ruído portas','Feito','Eliege','Thiago',NULL,NULL,'Thiago','2025-11-27 18:46:31','2025-11-27 18:46:31',NULL),(78,'Master','Apto','Apto','Apto','Apto','Acima de meio tanque','Apto','Apto','Todos Aptos','Ruído portas','Feito','Eliege','Thiago',NULL,NULL,'Thiago','2025-11-27 18:46:33','2025-11-27 18:46:33',NULL),(79,'Master','Apto','Apto','Médio','Apto','Meio tanque','Apto','Apto','Todos Aptos','Ruído portas','Feito','Eliege','Thiago',NULL,NULL,'Thiago','2025-11-28 17:19:47','2025-11-28 17:19:47',NULL),(80,'Strada','Apto','Apto','Apto','Apto','Abaixo de meio tanque','Médio','Apto','Todos Aptos','Sem ruídos anormais','Pendente','Eliege','Flávio',NULL,NULL,'Flávio Costa','2025-11-28 18:49:03','2025-11-28 18:49:03',NULL),(81,'Strada','Apto','Apto','Apto','Apto','Completo','Médio','Apto','Todos Aptos','Sem ruídos anormais','Feito','Eliege','Flávio',NULL,NULL,'Flávio Costa','2025-12-02 18:21:20','2025-12-02 18:21:20',NULL),(82,'Master','Apto','Apto','Apto','Apto','Acima de meio tanque','Apto','Apto','Todos Aptos','Ruído portas','Feito','Eliege','Thiago',NULL,NULL,'Thiago','2025-12-02 18:49:08','2025-12-02 18:49:08',NULL),(83,'Strada','Apto','Apto','Apto','Apto','Acima de meio tanque','Médio','Apto','Todos Aptos','Sem ruídos anormais','Pendente','Eliege','Flávio',NULL,NULL,'Flávio Costa','2025-12-03 19:38:20','2025-12-03 19:38:20',NULL),(84,'Master','Apto','Apto','Apto','Apto','Acima de meio tanque','Médio','Meia vida','Todos Aptos','Sem ruídos anormais','Feito','Eliege','Flávio',NULL,NULL,'Flávio Costa','2025-12-05 00:10:22','2025-12-05 00:10:22',NULL),(85,'Master','Apto','Apto','Apto','Apto','Meio tanque','Médio','Meia vida','Todos Aptos','Sem ruídos anormais','Feito','Eliege','Flávio',NULL,NULL,'Flávio Costa','2025-12-05 17:51:27','2025-12-05 17:51:27',NULL),(86,'Strada','Apto','Apto','Apto','Apto','Acima de meio tanque','Apto','Apto','Todos Aptos','Sem ruídos anormais','Feito','Eliege','Thiago',NULL,NULL,'Thiago','2025-12-05 19:18:08','2025-12-05 19:18:08',NULL),(87,'Strada','Apto','Apto','Apto','Médio','Acima de meio tanque','Médio','Apto','Todos Aptos','Sem ruídos anormais','Pendente','Eliege','Flávio',NULL,NULL,'Flávio Costa','2025-12-09 18:08:55','2025-12-09 18:08:55',NULL),(88,'Fiorino','Apto','Baixo','Apto','Apto','Completo','Médio','Meia vida','Todos Aptos','Sem ruídos anormais','Pendente','Eliege','Flávio',NULL,NULL,'Flávio Costa','2025-12-10 12:16:08','2025-12-10 12:16:08',NULL),(89,'Master','Apto','Apto','Apto','Apto','Completo','Médio','Meia vida','Todos Aptos','Sem ruídos anormais','Pendente','Eliege','Flávio',NULL,NULL,'Flávio Costa','2025-12-10 13:41:24','2025-12-10 13:41:24',NULL),(90,'Fiorino','Apto','Apto','Apto','Apto','Completo','Médio','Meia vida','Todos Aptos','Sem ruídos anormais','Feito','Eliege','Flávio',NULL,NULL,'Flávio Costa','2025-12-11 16:00:57','2025-12-11 16:00:57',NULL),(91,'Master','Apto','Apto','Apto','Apto','Meio tanque','Médio','Meia vida','Todos Aptos','Sem ruídos anormais','Pendente','Eliege','Flávio','Dar uma lavada na Master ta muita suja por fora',NULL,'Flávio Costa','2025-12-12 16:00:49','2025-12-12 16:00:49',NULL),(92,'Master','Apto','Apto','Apto','Apto','Abaixo de meio tanque','Apto','Apto','Todos Aptos','Sem ruídos anormais','Feito','Eliege','Thiago','Masonetica estralando em alguns momentos.',NULL,'Thiago','2025-12-12 17:51:27','2025-12-12 17:51:27',NULL),(93,'Strada','Apto','Apto','Apto','Apto','Completo','Médio','Apto','Todos Aptos','Sem ruídos anormais','Feito','Eliege','Flávio','Nenhum ',NULL,'Flávio Costa','2025-12-12 20:02:58','2025-12-12 20:02:58',NULL),(101,'Master','Apto','Apto','Apto','Apto','Meio tanque','Médio','Meia vida','Todos Aptos','Sem ruídos anormais','Feito','Eliege','Flávio',NULL,NULL,'Flávio Costa','2025-12-15 22:24:07','2025-12-15 22:24:07',NULL),(102,'Master','Apto','Apto','Apto','Apto','Abaixo de meio tanque','Apto','Apto','Todos Aptos','Ruído portas','Feito','Eliege','Thiago','Embreagem com deifeito.\r\nMaçonetica provavelmente rolamento direito ',NULL,'Thiago','2025-12-16 15:16:46','2025-12-16 15:16:46',NULL),(103,'Strada','Apto','Apto','Apto','Apto','Meio tanque','Médio','Apto','Todos Aptos','Sem ruídos anormais','Feito','Eliege','Flávio',NULL,NULL,'Flávio Costa','2025-12-16 17:34:39','2025-12-16 17:34:39',NULL),(104,'Master','Apto','Apto','Apto','Apto','Acima de meio tanque','Médio','Meia vida','Todos Aptos','Sem ruídos anormais','Feito','Eliege','Flávio',NULL,NULL,'Flávio Costa','2025-12-17 13:37:55','2025-12-17 13:37:55',NULL),(105,'Strada','Apto','Apto','Apto','Apto','Abaixo de meio tanque','Apto','Apto','Todos Aptos','Sem ruídos anormais','Feito','Eliege','Thiago',NULL,NULL,'Thiago','2025-12-18 12:20:50','2025-12-18 12:20:50',NULL),(106,'Master','Apto','Apto','Apto','Apto','Acima de meio tanque','Médio','Meia vida','Todos Aptos','Sem ruídos anormais','Feito','Eliege','Flávio',NULL,NULL,'Flávio Costa','2025-12-18 13:24:37','2025-12-18 13:24:37',NULL),(107,'Master','Apto','Apto','Apto','Apto','Meio tanque','Médio','Meia vida','Todos Aptos','Sem ruídos anormais','Feito','Eliege','Flávio',NULL,NULL,'Flávio Costa','2025-12-19 13:50:20','2025-12-19 13:50:20',NULL),(108,'Master','Apto','Apto','Apto','Apto','Reserva','Médio','Meia vida','Todos Aptos','Sem ruídos anormais','Feito','Eliege','Flávio',NULL,NULL,'Flávio Costa','2025-12-22 20:10:51','2025-12-22 20:10:51',NULL),(109,'Master','Apto','Apto','Apto','Apto','Completo','Médio','Meia vida','Todos Aptos','Sem ruídos anormais','Pendente','Eliege','Flávio',NULL,NULL,'Flávio Costa','2025-12-23 11:58:31','2025-12-23 11:58:31',NULL),(110,'Strada','Apto','Apto','Apto','Apto','Acima de meio tanque','Médio','Apto','Todos Aptos','Sem ruídos anormais','Pendente','Eliege','Flávio',NULL,NULL,'Flávio Costa','2025-12-23 17:55:45','2025-12-23 17:55:45',NULL),(111,'Strada','Apto','Apto','Apto','Apto','Acima de meio tanque','Médio','Apto','Todos Aptos','Sem ruídos anormais','Feito','Eliege','Flávio',NULL,NULL,'Flávio Costa','2025-12-24 21:40:55','2025-12-24 21:40:55',NULL),(112,'Master','Apto','Apto','Apto','Apto','Abaixo de meio tanque','Médio','Meia vida','Todos Aptos','Sem ruídos anormais','Feito','Eliege','Flávio',NULL,NULL,'Flávio Costa','2025-12-27 13:16:13','2025-12-27 13:16:13',NULL),(113,'Master','Apto','Apto','Apto','Apto','Reserva','Médio','Meia vida','Todos Aptos','Sem ruídos anormais','Feito','Eliege','Flávio',NULL,NULL,'Flávio Costa','2025-12-30 00:12:01','2025-12-30 00:12:01',NULL),(114,'Master','Apto','Apto','Apto','Apto','Meio tanque','Médio','Meia vida','Todos Aptos','Sem ruídos anormais','Pendente','Eliege','Flávio',NULL,NULL,'Flávio Costa','2025-12-30 13:32:37','2025-12-30 13:32:37',NULL),(115,'Strada','Apto','Apto','Apto','Apto','Completo','Médio','Apto','Todos Aptos','Sem ruídos anormais','Feito','Eliege','Flávio',NULL,NULL,'Flávio Costa','2026-01-05 20:50:48','2026-01-05 20:50:48',NULL),(116,'Master','Apto','Apto','Apto','Apto','Acima de meio tanque','Médio','Meia vida','Todos Aptos','Sem ruídos anormais','Feito','Eliege','Flávio',NULL,NULL,'Flávio Costa','2026-01-06 19:19:46','2026-01-06 19:19:46',NULL),(117,'Master','Apto','Apto','Apto','Apto','Acima de meio tanque','Médio','Meia vida','Todos Aptos','Sem ruídos anormais','Feito','Eliege','Flávio',NULL,NULL,'Flávio Costa','2026-01-07 16:50:28','2026-01-07 16:50:28',NULL),(118,'Master','Apto','Apto','Apto','Apto','Reserva','Médio','Meia vida','Todos Aptos','Sem ruídos anormais','Pendente','Eliege','Flávio',NULL,NULL,'Flávio Costa','2026-01-08 21:47:59','2026-01-08 21:47:59',NULL),(119,'Master','Apto','Apto','Apto','Apto','Acima de meio tanque','Médio','Meia vida','Todos Aptos','Sem ruídos anormais','Pendente','Eliege','Flávio',NULL,NULL,'Flávio Costa','2026-01-09 17:51:28','2026-01-09 17:51:28',NULL),(120,'Strada','Apto','Apto','Apto','Apto','Acima de meio tanque','Médio','Apto','Todos Aptos','Sem ruídos anormais','Feito','Eliege','Flávio',NULL,NULL,'Flávio Costa','2026-01-10 20:08:04','2026-01-10 20:08:04',NULL),(121,'Master','Apto','Apto','Apto','Apto','Reserva','Médio','Meia vida','Todos Aptos','Sem ruídos anormais','Feito','Eliege','Flávio',NULL,NULL,'Flávio Costa','2026-01-12 14:36:22','2026-01-12 14:36:22',NULL),(122,'Strada','Apto','Apto','Apto','Apto','Acima de meio tanque','Médio','Meia vida','Todos Aptos','Sem ruídos anormais','Pendente','Eliege','Flávio','Nao tive tempo de fazer na hora..',NULL,'Flávio Costa','2026-01-13 22:56:44','2026-01-13 22:56:44',NULL),(123,'Strada','Apto','Apto','Apto','Apto','Completo','Médio','Meia vida','Todos Aptos','Sem ruídos anormais','Feito','Eliege','Flávio',NULL,NULL,'Flávio Costa','2026-01-14 18:13:42','2026-01-14 18:13:42',NULL),(124,'Master','Apto','Apto','Apto','Apto','Acima de meio tanque','Médio','Meia vida','Defeito lanterna','Sem ruídos anormais','Feito','Eliege','Flávio',NULL,NULL,'Flávio Costa','2026-01-15 13:20:47','2026-01-15 13:20:47',NULL),(125,'Strada','Apto','Apto','Apto','Apto','Acima de meio tanque','Médio','Meia vida','Todos Aptos','Sem ruídos anormais','Feito','Eliege','Flávio',NULL,NULL,'Flávio Costa','2026-01-16 20:07:27','2026-01-16 20:07:27',NULL),(126,'Master','Apto','Apto','Apto','Apto','Completo','Apto','Meia vida','Defeito lanterna','Sem ruídos anormais','Feito','Eliege','Flávio','Nao deu pra fazer na hora por conta da correria do dia.. mais ocorreu tudo bem com o carro..',NULL,'Flávio Costa','2026-01-19 21:52:17','2026-01-19 21:54:46',NULL),(127,'Master','Apto','Apto','Apto','Apto','Acima de meio tanque','Médio','Meia vida','Defeito lanterna','Sem ruídos anormais','Pendente','Eliege','Flávio',NULL,NULL,'Flávio Costa','2026-01-21 17:57:49','2026-01-21 17:57:49',NULL),(128,'Strada','Apto','Apto','Apto','Apto','Completo','Médio','Apto','Todos Aptos','Sem ruídos anormais','Feito','Eliege','Flávio',NULL,NULL,'Flávio Costa','2026-01-22 19:35:17','2026-01-22 19:35:17',NULL),(129,'Master','Apto','Apto','Apto','Apto','Meio tanque','Médio','Meia vida','Defeito lanterna','Sem ruídos anormais','Pendente','Eliege','Flávio',NULL,NULL,'Flávio Costa','2026-01-23 13:27:47','2026-01-23 13:27:47',NULL),(130,'Strada','Apto','Apto','Apto','Apto','Abaixo de meio tanque','Médio','Apto','Todos Aptos','Sem ruídos anormais','Feito','Eliege','Flávio',NULL,NULL,'Flávio Costa','2026-01-26 21:38:49','2026-01-26 21:38:49',NULL),(131,'Master','Apto','Apto','Apto','Apto','Abaixo de meio tanque','Médio','Meia vida','Defeito lanterna','Sem ruídos anormais','Pendente','Eliege','Flávio',NULL,NULL,'Flávio Costa','2026-01-27 13:31:45','2026-01-27 13:31:45',NULL),(132,'Master','Apto','Apto','Apto','Médio','Meio tanque','Médio','Meia vida','Defeito lanterna','Sem ruídos anormais','Pendente','Eliege','Flávio',NULL,NULL,'Flávio Costa','2026-01-28 15:28:26','2026-01-28 15:28:26',NULL),(133,'Master','Médio','Médio','Apto','Apto','Abaixo de meio tanque','Médio','Meia vida','Defeito lanterna','Sem ruídos anormais','Pendente','Eliege','Flávio',NULL,NULL,'Flávio Costa','2026-01-29 13:29:32','2026-01-29 13:29:32',NULL),(134,'Strada','Apto','Apto','Apto','Apto','Acima de meio tanque','Médio','Apto','Todos Aptos','Sem ruídos anormais','Feito','Eliege','Flávio',NULL,NULL,'Flávio Costa','2026-01-30 19:41:37','2026-01-30 19:41:37',NULL),(135,'Master','Apto','Apto','Apto','Apto','Acima de meio tanque','Médio','Meia vida','Defeito lanterna','Sem ruídos anormais','Feito','Eliege','Flávio',NULL,NULL,'Flávio Costa','2026-02-02 14:34:06','2026-02-02 14:34:06',NULL),(136,'Strada','Apto','Apto','Apto','Apto','Meio tanque','Médio','Apto','Todos Aptos','Sem ruídos anormais','Feito','Eliege','Flávio',NULL,NULL,'Flávio Costa','2026-02-04 20:16:31','2026-02-04 20:16:31',NULL),(137,'Master','Apto','Apto','Apto','Médio','Reserva','Médio','Meia vida','Defeito lanterna','Sem ruídos anormais','Feito','Eliege','Flávio',NULL,NULL,'Flávio Costa','2026-02-05 17:44:08','2026-02-05 17:44:08',NULL),(138,'Strada','Apto','Apto','Apto','Apto','Acima de meio tanque','Médio','Apto','Todos Aptos','Sem ruídos anormais','Feito','Eliege','Flávio',NULL,NULL,'Flávio Costa','2026-02-07 14:50:05','2026-02-07 14:50:05',NULL),(139,'Master','Apto','Apto','Apto','Médio','Reserva','Médio','Meia vida','Defeito lanterna','Sem ruídos anormais','Feito','Mirna','Flávio',NULL,NULL,'Flávio Costa','2026-02-10 17:15:25','2026-02-10 17:15:25',NULL),(140,'Master','Apto','Apto','Apto','Médio','Acima de meio tanque','Médio','Meia vida','Defeito lanterna','Sem ruídos anormais','Pendente','Eliege','Flávio',NULL,NULL,'Flávio Costa','2026-02-11 12:25:10','2026-02-11 12:25:10',NULL),(141,'Master','Apto','Apto','Apto','Médio','Acima de meio tanque','Médio','Meia vida','Defeito lanterna','Sem ruídos anormais','Feito','Eliege','Flávio',NULL,NULL,'Flávio Costa','2026-02-18 12:47:15','2026-02-18 12:47:15',NULL),(142,'Strada','Apto','Apto','Apto','Apto','Acima de meio tanque','Médio','Apto','Todos Aptos','Sem ruídos anormais','Feito','Eliege','Flávio',NULL,NULL,'Flávio Costa','2026-02-18 23:23:36','2026-02-18 23:23:36',NULL),(143,'Master','Apto','Apto','Apto','Médio','Abaixo de meio tanque','Médio','Meia vida','Defeito lanterna','Sem ruídos anormais','Pendente','Eliege','Flávio',NULL,NULL,'Flávio Costa','2026-02-19 13:15:19','2026-02-19 13:15:19',NULL),(144,'Master','Apto','Apto','Apto','Médio','Meio tanque','Médio','Meia vida','Defeito lanterna','Sem ruídos anormais','Pendente','Eliege','Flávio',NULL,NULL,'Flávio Costa','2026-02-24 13:25:36','2026-02-24 13:25:36',NULL),(145,'Strada','Apto','Apto','Apto','Apto','Completo','Médio','Apto','Todos Aptos','Sem ruídos anormais','Feito','Eliege','Flávio',NULL,NULL,'Flávio Costa','2026-02-25 20:03:18','2026-02-25 20:03:18',NULL),(146,'Fiorino','Apto','Apto','Apto','Apto','Abaixo de meio tanque','Médio','Apto','Todos Aptos','Sem ruídos anormais','Feito','Eliege','Thiago','Motorista: David',NULL,'David Silva','2026-02-26 19:42:22','2026-02-26 19:42:22',NULL),(147,'Strada','Apto','Apto','Apto','Apto','Meio tanque','Médio','Apto','Todos Aptos','Sem ruídos anormais','Feito','Eliege','Flávio',NULL,NULL,'Flávio Costa','2026-02-27 18:08:38','2026-02-27 18:08:38',NULL),(148,'Strada','Apto','Apto','Apto','Apto','Completo','Médio','Apto','Todos Aptos','Sem ruídos anormais','Feito','Eliege','Flávio',NULL,NULL,'Flávio Costa','2026-03-02 19:46:39','2026-03-02 19:46:39',NULL),(149,'Master','Apto','Apto','Apto','Médio','Acima de meio tanque','Médio','Meia vida','Defeito lanterna','Sem ruídos anormais','Feito','Eliege','Flávio',NULL,NULL,'Flávio Costa','2026-03-03 17:48:17','2026-03-03 17:48:17',NULL),(150,'Strada','Apto','Apto','Apto','Apto','Completo','Médio','Apto','Defeito farol','Sem ruídos anormais','Feito','Eliege','Flávio',NULL,NULL,'Flávio Costa','2026-03-04 20:01:22','2026-03-04 20:01:22',NULL),(151,'Master','Apto','Apto','Apto','Médio','Abaixo de meio tanque','Médio','Meia vida','Defeito lanterna','Sem ruídos anormais','Pendente','Eliege','Flávio',NULL,NULL,'Flávio Costa','2026-03-05 18:57:27','2026-03-05 18:57:27',NULL),(152,'Strada','Apto','Apto','Apto','Apto','Completo','Médio','Apto','Defeito farol','Sem ruídos anormais','Feito','Eliege','Flávio','Farol do lado dereito queimado ',NULL,'Flávio Costa','2026-03-10 00:04:41','2026-03-10 00:04:41',NULL),(153,'Master','Apto','Apto','Apto','Baixo','Completo','Médio','Meia vida','Todos Aptos','Sem ruídos anormais','Pendente','Eliege','Flávio',NULL,NULL,'Flávio Costa','2026-03-10 17:37:01','2026-03-10 17:37:01',NULL),(154,'Master','Apto','Apto','Apto','Baixo','Acima de meio tanque','Médio','Meia vida','Todos Aptos','Sem ruídos anormais','Pendente','Eliege','Flávio',NULL,NULL,'Flávio Costa','2026-03-11 19:05:42','2026-03-11 19:05:42',NULL),(155,'Strada','Apto','Apto','Apto','Apto','Completo','Médio','Apto','Todos Aptos','Sem ruídos anormais','Feito','Eliege','Flávio',NULL,NULL,'Flávio Costa','2026-03-12 19:24:39','2026-03-12 19:24:39',NULL),(156,'Strada','Apto','Apto','Apto','Apto','Acima de meio tanque','Médio','Apto','Todos Aptos','Sem ruídos anormais','Feito','Eliege','Flávio',NULL,NULL,'Flávio Costa','2026-03-13 18:32:22','2026-03-13 18:32:22',NULL),(157,'Strada','Apto','Apto','Apto','Apto','Completo','Médio','Apto','Todos Aptos','Sem ruídos anormais','Feito','Eliege','Flávio',NULL,NULL,'Flávio Costa','2026-03-16 20:04:14','2026-03-16 20:04:14',NULL),(158,'Master','Apto','Apto','Apto','Médio','Abaixo de meio tanque','Médio','Meia vida','Todos Aptos','Sem ruídos anormais','Feito','Eliege','Flávio',NULL,NULL,'Flávio Costa','2026-03-17 18:32:35','2026-03-17 18:32:35',NULL),(159,'Master','Apto','Apto','Médio','Médio','Acima de meio tanque','Médio','Meia vida','Todos Aptos','Sem ruídos anormais','Feito','Eliege','Flávio',NULL,NULL,'Flávio Costa','2026-03-18 20:20:04','2026-03-18 20:20:04',NULL),(160,'Master','Apto','Apto','Baixo','Baixo','Abaixo de meio tanque','Médio','Meia vida','Todos Aptos','Sem ruídos anormais','Feito','Eliege','Flávio','Problema na embreagem ',NULL,'Flávio Costa','2026-03-19 20:14:39','2026-03-19 20:14:39',NULL),(161,'Strada','Apto','Apto','Apto','Apto','Completo','Médio','Apto','Todos Aptos','Sem ruídos anormais','Pendente','Eliege','Flávio',NULL,NULL,'Flávio Costa','2026-03-19 20:15:51','2026-03-19 20:15:51',NULL),(162,'Strada','Apto','Apto','Apto','Apto','Acima de meio tanque','Apto','Apto','Todos Aptos','Sem ruídos anormais','Feito','Eliege','Flávio',NULL,NULL,'Flávio Costa','2026-03-20 18:47:22','2026-03-20 18:47:22',NULL),(163,'Strada','Apto','Apto','Apto','Apto','Acima de meio tanque','Apto','Apto','Todos Aptos','Sem ruídos anormais','Pendente','Eliege','Flávio',NULL,NULL,'Flávio Costa','2026-03-23 12:59:25','2026-03-23 12:59:25',NULL),(164,'Strada','Apto','Apto','Apto','Apto','Completo','Médio','Apto','Todos Aptos','Sem ruídos anormais','Feito','Eliege','Flávio',NULL,NULL,'Flávio Costa','2026-03-25 00:16:59','2026-03-25 00:16:59',NULL),(165,'Strada','Apto','Apto','Apto','Apto','Acima de meio tanque','Médio','Apto','Todos Aptos','Sem ruídos anormais','Feito','Eliege','Flávio',NULL,NULL,'Flávio Costa','2026-03-25 23:44:17','2026-03-25 23:44:17',NULL),(166,'Master','Apto','Baixo','Apto','Médio','Abaixo de meio tanque','Médio','Meia vida','Todos Aptos','Sem ruídos anormais','Pendente','Eliege','Flávio',NULL,NULL,'Flávio Costa','2026-03-27 00:53:07','2026-03-27 00:53:07',NULL);
/*!40000 ALTER TABLE `checklists` ENABLE KEYS */;
UNLOCK TABLES;

--
-- Table structure for table `entregas_clientes`
--

DROP TABLE IF EXISTS `entregas_clientes`;
/*!40101 SET @saved_cs_client     = @@character_set_client */;
/*!50503 SET character_set_client = utf8mb4 */;
CREATE TABLE `entregas_clientes` (
  `id` int NOT NULL AUTO_INCREMENT,
  `pedido_id` int NOT NULL,
  `cliente_nome` varchar(150) NOT NULL,
  `status` enum('ENTREGUE','NAO_ENTREGUE','NA_ROTA') NOT NULL DEFAULT 'NA_ROTA',
  `observacao` text,
  `atualizado_por` varchar(100) NOT NULL,
  `atualizado_em` timestamp NULL DEFAULT CURRENT_TIMESTAMP ON UPDATE CURRENT_TIMESTAMP,
  PRIMARY KEY (`id`),
  KEY `fk_pedido_entrega` (`pedido_id`),
  CONSTRAINT `fk_pedido_entrega` FOREIGN KEY (`pedido_id`) REFERENCES `entregas_pedidos` (`id`) ON DELETE CASCADE
) ENGINE=InnoDB AUTO_INCREMENT=416 DEFAULT CHARSET=utf8mb4 COLLATE=utf8mb4_0900_ai_ci;
/*!40101 SET character_set_client = @saved_cs_client */;

--
-- Dumping data for table `entregas_clientes`
--

LOCK TABLES `entregas_clientes` WRITE;
/*!40000 ALTER TABLE `entregas_clientes` DISABLE KEYS */;
INSERT INTO `entregas_clientes` VALUES (5,5,'Primor','ENTREGUE',NULL,'Thiago','2025-12-16 02:06:09'),(6,5,'Maoq','ENTREGUE',NULL,'Thiago','2025-12-16 02:06:32'),(7,4,'Oxente ','ENTREGUE',NULL,'Thiago','2025-12-16 02:06:24'),(8,4,'La pasta ','ENTREGUE',NULL,'Thiago','2025-12-16 02:06:44'),(9,6,'Chame pizza','ENTREGUE','Entregue no dia 16/12','David Silva','2025-12-17 12:54:24'),(10,6,'Gerllatos ','ENTREGUE',NULL,'Flávio Costa','2025-12-16 00:28:21'),(11,7,'Casa de carne ','ENTREGUE',NULL,'Flávio Costa','2025-12-16 00:25:01'),(12,7,'Sabor a lenha ','ENTREGUE',NULL,'Flávio Costa','2025-12-16 00:25:29'),(13,7,'Artesanal burbuer','ENTREGUE',NULL,'Flávio Costa','2025-12-16 00:25:49'),(14,7,'Baly','ENTREGUE',NULL,'Flávio Costa','2025-12-16 00:26:01'),(15,8,'Sheik esfirra','ENTREGUE',NULL,'Flávio Costa','2025-12-16 17:27:49'),(17,10,'Festa do salgado ','ENTREGUE',NULL,'Flávio Costa','2025-12-16 18:21:46'),(19,9,'Band ','ENTREGUE',NULL,'Flávio Costa','2025-12-17 12:54:55'),(20,9,'Marguerita ','ENTREGUE',NULL,'Flávio Costa','2025-12-17 12:55:21'),(21,12,'Nova forma','ENTREGUE',NULL,'Flávio Costa','2025-12-17 15:17:10'),(22,12,'Orbi química ','ENTREGUE',NULL,'Flávio Costa','2025-12-17 15:17:29'),(23,12,'Sabor do sul camacari ','ENTREGUE',NULL,'Flávio Costa','2025-12-18 12:37:27'),(24,13,'No churrasco ','ENTREGUE',NULL,'Flávio Costa','2025-12-18 12:38:30'),(25,14,'Chefs ','NA_ROTA',NULL,'Thiago','2025-12-18 19:00:11'),(26,14,'Bar do chefe','NA_ROTA',NULL,'Thiago','2025-12-18 19:01:06'),(27,14,'Fatias','NA_ROTA',NULL,'Thiago','2025-12-18 19:01:34'),(28,15,'Arabaiana Alagoinhas ','NA_ROTA',NULL,'Thiago','2025-12-18 19:02:40'),(29,15,'Arabaiana catu','NA_ROTA',NULL,'Thiago','2025-12-18 19:02:54'),(30,16,'Sabor do sul camacari ','ENTREGUE',NULL,'Flávio Costa','2025-12-19 04:39:09'),(31,16,'Saborely','ENTREGUE',NULL,'Flávio Costa','2025-12-19 04:39:29'),(32,16,'Bravazo','ENTREGUE',NULL,'Flávio Costa','2025-12-19 04:39:51'),(33,16,'Salgado de família ','ENTREGUE',NULL,'Flávio Costa','2025-12-19 04:40:12'),(34,16,'Lamama','ENTREGUE',NULL,'Flávio Costa','2025-12-19 04:40:28'),(35,16,'Aline salgado ','ENTREGUE',NULL,'Flávio Costa','2025-12-19 04:40:43'),(36,17,'D marco','ENTREGUE',NULL,'Flávio Costa','2025-12-19 04:42:09'),(37,17,'Dika','ENTREGUE',NULL,'Flávio Costa','2025-12-19 04:42:28'),(38,17,'Forno e brasa ','ENTREGUE',NULL,'Flávio Costa','2025-12-19 04:42:46'),(39,18,'Aquaville ','ENTREGUE',NULL,'Flávio Costa','2025-12-20 10:32:38'),(40,18,'Ouro arembepe ','ENTREGUE',NULL,'Flávio Costa','2025-12-20 10:32:50'),(41,18,'Prêmio arembepe pojuca','ENTREGUE',NULL,'Flávio Costa','2025-12-20 10:33:01'),(42,18,'O pescador','ENTREGUE',NULL,'Flávio Costa','2025-12-20 10:33:18'),(43,18,'Ideal ','ENTREGUE',NULL,'Flávio Costa','2025-12-20 10:33:31'),(44,18,'Hiago ','ENTREGUE',NULL,'Flávio Costa','2025-12-20 10:33:41'),(45,18,'7pizza origem 7 pizza express','ENTREGUE','Observação da próxima vez que ir tarde pra lá ele nao vai receber as caixa,e ficou restando uma caixa da 35 que eu n achei ai na produção.mais o rapaz falou que n tem problema na próxima entrega leva..','Flávio Costa','2025-12-20 10:37:46'),(46,18,'Doce da fany','ENTREGUE',NULL,'Flávio Costa','2025-12-20 10:34:20'),(47,18,'Rey da esfira guarajuba..','ENTREGUE',NULL,'Flávio Costa','2025-12-20 10:34:50'),(48,18,'Divina massa ','ENTREGUE',NULL,'Flávio Costa','2025-12-20 10:35:03'),(49,19,'Tomate seco','ENTREGUE','Precisa de um aliamento melhor de horário com o mesmo pois cheguei lá 15:40 só fui ser atendido 17:35 pela funcionária dele.','Thiago','2025-12-21 08:54:46'),(50,19,'Nobre','ENTREGUE','Ficou faltando pagamento!\r\nReni está ciente.','Thiago','2025-12-21 08:55:49'),(51,19,'Moriá','ENTREGUE','Pagamento não realizado porém ficou combinado de ter um alimento com o comercial por conta de um erro!\r\nMirna está ciente! ','Thiago','2025-12-21 09:00:25'),(52,19,'Lapetitosa ','ENTREGUE',NULL,'Thiago','2025-12-21 09:01:27'),(53,20,'Nova forma','ENTREGUE',NULL,'Flávio Costa','2025-12-22 20:12:08'),(54,21,'ARTEC','ENTREGUE',NULL,'Flávio Costa','2025-12-22 20:13:53'),(55,24,'Tô no trabalho ','ENTREGUE',NULL,'Thiago','2025-12-23 02:49:00'),(56,23,'Club catu','ENTREGUE',NULL,'Thiago','2025-12-23 02:49:19'),(57,23,'Dagas','ENTREGUE',NULL,'Thiago','2025-12-23 02:49:52'),(58,23,'Sorrelli','ENTREGUE',NULL,'Thiago','2025-12-23 02:50:16'),(59,22,'Dika','ENTREGUE',NULL,'Thiago','2025-12-23 02:50:32'),(60,22,'Capriolli','ENTREGUE',NULL,'Thiago','2025-12-23 02:51:00'),(61,22,'Mania gostosa ','ENTREGUE',NULL,'Thiago','2025-12-23 02:51:24'),(62,25,'Flex maker ','NA_ROTA',NULL,'Thiago','2025-12-23 17:12:44'),(63,26,'Empire','ENTREGUE',NULL,'Flávio Costa','2025-12-23 17:56:55'),(64,26,'Banquete do rey','ENTREGUE',NULL,'Flávio Costa','2025-12-23 17:57:10'),(65,26,'Fabio ','ENTREGUE',NULL,'Flávio Costa','2025-12-23 17:57:52'),(66,26,'Fratello','ENTREGUE',NULL,'Flávio Costa','2025-12-23 17:58:09'),(67,27,'Cata','ENTREGUE',NULL,'Flávio Costa','2025-12-23 17:58:37'),(68,27,'Flex','ENTREGUE',NULL,'Flávio Costa','2025-12-23 17:58:51'),(69,27,'Tecno arte','ENTREGUE',NULL,'Flávio Costa','2025-12-23 17:59:26'),(70,28,'Vini pizza ','ENTREGUE',NULL,'Flávio Costa','2025-12-25 00:31:35'),(71,28,'Dell amore ','ENTREGUE',NULL,'Flávio Costa','2025-12-25 00:31:46'),(72,28,'Dois irmão ','ENTREGUE',NULL,'Flávio Costa','2025-12-25 00:31:56'),(73,29,'Delias da lili','NA_ROTA',NULL,'Thiago','2025-12-23 18:42:26'),(74,29,'Don patroni','NA_ROTA',NULL,'Thiago','2025-12-23 18:42:54'),(75,29,'Fogo da pizza','NA_ROTA',NULL,'Thiago','2025-12-23 18:43:10'),(76,29,'Barus','NA_ROTA',NULL,'Thiago','2025-12-23 18:43:42'),(77,29,'Villa','NA_ROTA',NULL,'Thiago','2025-12-23 18:44:39'),(78,29,'Sabor brotas ','NA_ROTA',NULL,'Thiago','2025-12-23 18:45:33'),(79,29,'Sabor imbuí ','NA_ROTA',NULL,'Thiago','2025-12-23 18:45:57'),(80,29,'Sabor Itapuã ','NA_ROTA',NULL,'Thiago','2025-12-23 18:46:21'),(81,30,'D fran e now ','ENTREGUE',NULL,'Flávio Costa','2025-12-25 00:33:27'),(82,30,'Pizzaria litoral ','ENTREGUE',NULL,'Flávio Costa','2025-12-25 00:33:42'),(83,30,'Careca ','ENTREGUE',NULL,'Flávio Costa','2025-12-25 00:33:57'),(84,30,'Pizzaria do galegao ','ENTREGUE',NULL,'Flávio Costa','2025-12-25 00:34:19'),(85,30,'Su pozza ','ENTREGUE',NULL,'Flávio Costa','2025-12-25 00:34:35'),(86,30,'La strada ','NAO_ENTREGUE',NULL,'Flávio Costa','2025-12-25 00:34:59'),(87,31,'Ouro pizza ','ENTREGUE',NULL,'Flávio Costa','2025-12-27 11:31:29'),(88,31,'Prêmio as 3 ','ENTREGUE',NULL,'Flávio Costa','2025-12-27 11:31:53'),(89,31,'Aquaville','ENTREGUE',NULL,'Flávio Costa','2025-12-27 11:32:05'),(90,31,'Pizzaria da vivi','ENTREGUE',NULL,'Flávio Costa','2025-12-27 11:32:20'),(91,31,'Hiago ','ENTREGUE',NULL,'Flávio Costa','2025-12-27 11:32:40'),(92,31,'Divina massa ','ENTREGUE',NULL,'Flávio Costa','2025-12-27 11:32:51'),(93,31,'Mania de festa ','ENTREGUE',NULL,'Flávio Costa','2025-12-27 11:33:09'),(94,31,'Mineirinho','ENTREGUE',NULL,'Flávio Costa','2025-12-27 11:33:28'),(95,31,'Dispensa da praia','ENTREGUE',NULL,'Flávio Costa','2025-12-27 11:33:56'),(96,32,'BEULLA','ENTREGUE',NULL,'Flávio Costa','2025-12-27 13:16:57'),(97,33,'Primor ','ENTREGUE',NULL,'Flávio Costa','2025-12-30 00:13:17'),(98,34,'Nova forma ','ENTREGUE',NULL,'Flávio Costa','2025-12-30 00:14:21'),(99,34,'Flax','ENTREGUE',NULL,'Flávio Costa','2025-12-30 00:14:34'),(100,35,'Nova forma ','ENTREGUE',NULL,'Flávio Costa','2025-12-30 13:31:23'),(101,36,'Emily 46 ','ENTREGUE',NULL,'Flávio Costa','2026-01-04 12:10:09'),(102,36,'Lamama ','ENTREGUE',NULL,'Flávio Costa','2026-01-04 12:10:23'),(103,36,'Nobre','ENTREGUE',NULL,'Flávio Costa','2026-01-04 12:10:36'),(104,36,'Prime jaua','ENTREGUE',NULL,'Flávio Costa','2026-01-04 12:10:52'),(105,36,'Aquaville ','ENTREGUE',NULL,'Flávio Costa','2026-01-04 12:11:09'),(106,36,'7 spress ','ENTREGUE',NULL,'Flávio Costa','2026-01-04 12:11:35'),(107,36,'Hiago ','ENTREGUE',NULL,'Flávio Costa','2026-01-04 12:11:50'),(108,36,'Divina massa ','ENTREGUE',NULL,'Flávio Costa','2026-01-04 12:12:13'),(109,37,'Su pizza','ENTREGUE',NULL,'Flávio Costa','2026-01-06 19:20:28'),(110,38,'Sabor do sul brotas ','ENTREGUE',NULL,'Flávio Costa','2026-01-07 16:48:26'),(111,38,'Del amore ','ENTREGUE',NULL,'Flávio Costa','2026-01-07 16:48:35'),(112,38,'Dthello brotas ','ENTREGUE',NULL,'Flávio Costa','2026-01-07 16:48:42'),(113,38,'Sabor do sul imbui ','ENTREGUE',NULL,'Flávio Costa','2026-01-07 16:48:49'),(114,38,'Band ','ENTREGUE',NULL,'Flávio Costa','2026-01-07 16:48:57'),(115,38,'Dois irmãos ','ENTREGUE',NULL,'Flávio Costa','2026-01-07 16:49:05'),(117,39,'Lenharetto','ENTREGUE',NULL,'Flávio Costa','2026-01-09 00:30:00'),(118,39,'Fatias ','ENTREGUE',NULL,'Flávio Costa','2026-01-09 00:30:37'),(120,40,'Forno e brasa ','ENTREGUE',NULL,'Flávio Costa','2026-01-09 00:31:57'),(121,40,'Dmarco ','ENTREGUE',NULL,'Flávio Costa','2026-01-09 00:32:35'),(122,40,'Dika','ENTREGUE',NULL,'Flávio Costa','2026-01-09 00:36:14'),(123,40,'Capriolle','ENTREGUE',NULL,'Flávio Costa','2026-01-09 00:37:13'),(124,40,'Mania gostosa ','ENTREGUE',NULL,'Flávio Costa','2026-01-09 00:37:33'),(125,42,'Lamama ','ENTREGUE',NULL,'Flávio Costa','2026-01-09 00:38:01'),(126,42,'Vaqueiro','ENTREGUE',NULL,'Flávio Costa','2026-01-09 00:38:31'),(127,42,'Ramage','ENTREGUE',NULL,'Flávio Costa','2026-01-09 00:38:47'),(128,42,'Maguerita','ENTREGUE',NULL,'Flávio Costa','2026-01-09 00:39:02'),(129,44,'Marileide','ENTREGUE',NULL,'Flávio Costa','2026-01-10 00:32:18'),(130,44,'Festa do salgado ','ENTREGUE',NULL,'Flávio Costa','2026-01-10 00:32:32'),(131,43,'Italiana','ENTREGUE',NULL,'Flávio Costa','2026-01-10 00:32:44'),(132,43,'Lux ','ENTREGUE',NULL,'Flávio Costa','2026-01-10 00:32:59'),(133,43,'Sabor do sul periperi','ENTREGUE',NULL,'Flávio Costa','2026-01-10 00:33:25'),(134,43,'Chef','ENTREGUE',NULL,'Flávio Costa','2026-01-10 00:33:39'),(135,43,'Ei pizza ','ENTREGUE',NULL,'Flávio Costa','2026-01-10 00:33:54'),(136,43,'Batas','ENTREGUE',NULL,'Flávio Costa','2026-01-10 00:34:06'),(137,43,'Fast','ENTREGUE',NULL,'Flávio Costa','2026-01-10 00:34:21'),(138,45,'La pizzaa gama ','ENTREGUE',NULL,'Flávio Costa','2026-01-12 14:32:06'),(139,45,'Tourao ','ENTREGUE',NULL,'Flávio Costa','2026-01-12 14:32:18'),(140,45,'Na lenha','ENTREGUE',NULL,'Flávio Costa','2026-01-12 14:32:31'),(141,45,'Empire','ENTREGUE',NULL,'Flávio Costa','2026-01-12 14:33:14'),(142,45,'Pitzzou ','ENTREGUE',NULL,'Flávio Costa','2026-01-12 14:33:25'),(143,46,'Flex','ENTREGUE',NULL,'Flávio Costa','2026-01-12 14:34:20'),(144,46,'Prime','ENTREGUE',NULL,'Flávio Costa','2026-01-12 17:22:21'),(145,47,'Baly','ENTREGUE',NULL,'Flávio Costa','2026-01-12 17:22:11'),(146,48,'Jardim da pizza ','ENTREGUE',NULL,'Flávio Costa','2026-01-13 22:57:12'),(147,48,'Vine','ENTREGUE',NULL,'Flávio Costa','2026-01-13 22:57:26'),(148,48,'Pizzaria do Thiago ','ENTREGUE',NULL,'Flávio Costa','2026-01-13 22:57:45'),(149,48,'Sabor do sul imbui ','ENTREGUE',NULL,'Flávio Costa','2026-01-13 22:57:57'),(150,49,'Sheik ','ENTREGUE',NULL,'Flávio Costa','2026-01-13 22:58:31'),(151,50,'Bonara','ENTREGUE',NULL,'Flávio Costa','2026-01-15 13:22:31'),(152,50,'Andreia Borges ','ENTREGUE',NULL,'Flávio Costa','2026-01-15 13:22:51'),(154,50,'Tourao ','ENTREGUE',NULL,'Flávio Costa','2026-01-15 13:23:50'),(155,50,'Barus','ENTREGUE',NULL,'Flávio Costa','2026-01-15 13:24:07'),(156,50,'Red box','ENTREGUE',NULL,'Flávio Costa','2026-01-15 13:24:39'),(157,51,'Lamama','ENTREGUE',NULL,'Flávio Costa','2026-01-16 20:16:39'),(158,52,'Hiago ','ENTREGUE',NULL,'Flávio Costa','2026-01-18 05:14:02'),(159,52,'Sampas','ENTREGUE',NULL,'Flávio Costa','2026-01-18 05:14:15'),(160,52,'7 pizza origem ','ENTREGUE',NULL,'Flávio Costa','2026-01-18 05:14:43'),(161,52,'7 pizzas ','ENTREGUE',NULL,'Flávio Costa','2026-01-18 05:15:18'),(162,52,'Alla pazza','ENTREGUE',NULL,'Flávio Costa','2026-01-18 05:15:39'),(163,52,'Ideal pizza','ENTREGUE',NULL,'Flávio Costa','2026-01-18 05:15:59'),(164,53,'Nova forma ','ENTREGUE',NULL,'Flávio Costa','2026-01-19 21:52:56'),(165,53,'FLEX','ENTREGUE',NULL,'Flávio Costa','2026-01-19 21:53:12'),(166,54,'Pérola e Pedro ','ENTREGUE',NULL,'Flávio Costa','2026-01-21 23:12:39'),(167,54,'Tourao ','ENTREGUE',NULL,'Flávio Costa','2026-01-21 23:12:50'),(168,54,'Sabor do sul cajazeira ','ENTREGUE',NULL,'Flávio Costa','2026-01-21 23:13:45'),(169,54,'Delicia de pão ','NAO_ENTREGUE',NULL,'Flávio Costa','2026-01-21 23:14:01'),(170,54,'Vine pizza','ENTREGUE',NULL,'Flávio Costa','2026-01-21 23:14:22'),(171,54,'Imperio visual','ENTREGUE',NULL,'Flávio Costa','2026-01-21 23:14:45'),(172,55,'Lamama ','ENTREGUE',NULL,'Flávio Costa','2026-01-23 13:28:28'),(173,55,'Impacto visual','ENTREGUE',NULL,'Flávio Costa','2026-01-23 13:29:24'),(174,55,'No churrasco ','ENTREGUE',NULL,'Flávio Costa','2026-01-23 13:29:35'),(175,55,'Bonara','ENTREGUE',NULL,'Flávio Costa','2026-01-23 13:29:55'),(176,55,'Maguerita ','ENTREGUE',NULL,'Flávio Costa','2026-01-23 13:30:19'),(177,55,'Ramage ','ENTREGUE',NULL,'Flávio Costa','2026-01-23 13:30:33'),(178,56,'Hiago','NA_ROTA',NULL,'Flávio Costa','2026-01-23 13:31:58'),(179,56,'Beula ','NA_ROTA',NULL,'Flávio Costa','2026-01-23 13:32:15'),(180,56,'Sampas ','NA_ROTA',NULL,'Flávio Costa','2026-01-23 13:32:29'),(181,56,'Dispensa da praia ','NA_ROTA',NULL,'Flávio Costa','2026-01-23 13:33:08'),(182,56,'7 pizzas','NA_ROTA',NULL,'Flávio Costa','2026-01-23 13:33:21'),(183,56,'Sertão vai virar mar','NA_ROTA',NULL,'Flávio Costa','2026-01-23 13:33:47'),(184,58,'Emily 46 ','ENTREGUE',NULL,'Flávio Costa','2026-01-29 02:38:05'),(185,58,'Sabolery','ENTREGUE',NULL,'Flávio Costa','2026-01-29 02:38:25'),(191,58,'Primor','ENTREGUE',NULL,'Flávio Costa','2026-01-29 02:39:41'),(192,59,'Dois irmãos ','ENTREGUE',NULL,'Flávio Costa','2026-01-29 02:41:35'),(193,59,'Band','ENTREGUE',NULL,'Flávio Costa','2026-01-29 02:41:49'),(194,59,'Que fome ','ENTREGUE',NULL,'Flávio Costa','2026-01-29 02:42:05'),(195,59,'Sabor imbui ','ENTREGUE',NULL,'Flávio Costa','2026-01-29 02:42:35'),(196,59,'Dthello brotas ','ENTREGUE',NULL,'Flávio Costa','2026-01-29 02:42:51'),(197,59,'Del amore','ENTREGUE',NULL,'Flávio Costa','2026-01-29 02:43:13'),(198,59,'Casarrara ','ENTREGUE',NULL,'Flávio Costa','2026-01-29 02:43:59'),(199,59,'Sabor do sul brotas ','ENTREGUE',NULL,'Flávio Costa','2026-01-29 02:44:19'),(200,60,'Tourao ','ENTREGUE',NULL,'Flávio Costa','2026-01-29 02:45:22'),(201,60,'Mão na massa ','ENTREGUE',NULL,'Flávio Costa','2026-01-29 02:45:54'),(202,60,'Pizzaria litoral','ENTREGUE',NULL,'Flávio Costa','2026-01-29 02:46:17'),(203,60,'Las strada','ENTREGUE',NULL,'Flávio Costa','2026-01-29 02:46:35'),(204,60,'Pizzaria da villa','ENTREGUE',NULL,'Flávio Costa','2026-01-29 02:47:26'),(205,60,'Pizzaria eclipse ','ENTREGUE',NULL,'Flávio Costa','2026-01-29 02:47:50'),(206,60,'Tree fratelle','ENTREGUE',NULL,'Flávio Costa','2026-01-29 02:48:17'),(207,60,'Buffe prime ','ENTREGUE',NULL,'Flávio Costa','2026-01-29 02:48:41'),(208,60,'Sabor do sul cajazeira ','ENTREGUE',NULL,'Flávio Costa','2026-01-29 02:49:14'),(209,61,'Emily b','ENTREGUE',NULL,'Flávio Costa','2026-01-30 11:16:07'),(210,61,'Gellatos ','ENTREGUE',NULL,'Flávio Costa','2026-01-30 11:16:41'),(211,61,'Salgado de família ','ENTREGUE',NULL,'Flávio Costa','2026-01-30 11:16:59'),(212,61,'Nova forma ','ENTREGUE',NULL,'Flávio Costa','2026-01-30 11:17:14'),(213,62,'HIAGO','ENTREGUE',NULL,'Flávio Costa','2026-02-01 01:46:20'),(214,62,'Ideal pizza','ENTREGUE',NULL,'Flávio Costa','2026-02-01 01:46:40'),(215,62,'Buana pizzaria ','ENTREGUE',NULL,'Flávio Costa','2026-02-01 01:47:13'),(216,62,'Set pizza express ','ENTREGUE',NULL,'Flávio Costa','2026-02-01 01:47:36'),(217,62,'Set pizza ','ENTREGUE',NULL,'Flávio Costa','2026-02-01 01:48:09'),(219,62,'Vino pizza ','ENTREGUE',NULL,'Flávio Costa','2026-02-01 01:48:46'),(220,62,'MR PIZZA','ENTREGUE',NULL,'Flávio Costa','2026-02-01 01:49:44'),(221,62,'BEULA','ENTREGUE',NULL,'Flávio Costa','2026-02-01 01:50:23'),(222,63,'Dois irmãos ','ENTREGUE',NULL,'Flávio Costa','2026-03-05 10:04:29'),(223,63,'Vini pizza ','ENTREGUE',NULL,'Flávio Costa','2026-03-05 10:05:17'),(224,63,'Chame pizza ','ENTREGUE',NULL,'Flávio Costa','2026-03-05 10:06:05'),(225,64,'Pizzaria são paulo','ENTREGUE',NULL,'Flávio Costa','2026-02-05 17:45:23'),(226,64,'Prefeitura caixas ','ENTREGUE',NULL,'Flávio Costa','2026-02-05 17:45:46'),(227,64,'Sabor do sul camacari ','ENTREGUE',NULL,'Flávio Costa','2026-02-05 17:46:02'),(228,64,'Saborely ','ENTREGUE',NULL,'Flávio Costa','2026-02-05 17:46:19'),(229,64,'Lamama ','ENTREGUE',NULL,'Flávio Costa','2026-02-05 17:46:40'),(230,66,'Hiago ','ENTREGUE',NULL,'Flávio Costa','2026-02-07 23:10:04'),(231,66,'Ana Lúcia ','ENTREGUE',NULL,'Flávio Costa','2026-02-07 23:10:24'),(232,66,'Ideal','ENTREGUE',NULL,'Flávio Costa','2026-02-07 23:10:41'),(233,66,'Divina massa ','ENTREGUE',NULL,'Flávio Costa','2026-02-07 23:11:15'),(234,66,'Prêmio pizzaria ','ENTREGUE',NULL,'Flávio Costa','2026-02-07 23:12:40'),(235,66,'Ouro pizza ','ENTREGUE',NULL,'Flávio Costa','2026-02-07 23:12:54'),(236,66,'Dispensa da praia ','ENTREGUE',NULL,'Flávio Costa','2026-02-07 23:13:20'),(237,67,'Prefeitura caixa ','ENTREGUE',NULL,'Flávio Costa','2026-02-09 21:29:27'),(238,67,'Italiana ','ENTREGUE',NULL,'Flávio Costa','2026-02-09 21:29:42'),(239,68,'Dois irmãos ','ENTREGUE',NULL,'Flávio Costa','2026-02-11 12:25:30'),(240,68,'Band','ENTREGUE',NULL,'Flávio Costa','2026-02-11 12:25:39'),(241,68,'Torra pizza ','ENTREGUE',NULL,'Flávio Costa','2026-02-11 12:25:52'),(242,68,'Sabor do sul imbui','ENTREGUE',NULL,'Flávio Costa','2026-02-11 12:26:03'),(243,68,'Pizza relli','ENTREGUE',NULL,'Flávio Costa','2026-02-11 12:26:12'),(244,69,'Sabor do sul camacari ','ENTREGUE',NULL,'Flávio Costa','2026-02-12 10:53:13'),(245,69,'Bonara ','ENTREGUE',NULL,'Flávio Costa','2026-02-12 10:53:02'),(246,69,'Delicia da nelma ','ENTREGUE',NULL,'Flávio Costa','2026-02-12 10:53:45'),(247,69,'Las trada','ENTREGUE',NULL,'Flávio Costa','2026-02-12 10:54:40'),(248,69,'Palestra','ENTREGUE',NULL,'Flávio Costa','2026-02-12 10:54:54'),(249,69,'Careca ','ENTREGUE',NULL,'Flávio Costa','2026-02-12 10:55:08'),(250,69,'Tourao ','ENTREGUE',NULL,'Flávio Costa','2026-02-12 10:55:26'),(251,69,'Sabor do sul cajazeira ','ENTREGUE',NULL,'Flávio Costa','2026-02-12 10:55:55'),(252,69,'Baurus','ENTREGUE',NULL,'Flávio Costa','2026-02-12 10:56:50'),(253,69,'Embrazado ','ENTREGUE',NULL,'Flávio Costa','2026-02-12 10:57:21'),(254,70,'Lamama ','ENTREGUE',NULL,'Flávio Costa','2026-02-18 12:47:38'),(255,70,'Gellatos ','ENTREGUE',NULL,'Flávio Costa','2026-02-18 12:47:49'),(256,70,'Rey da esfira ','ENTREGUE',NULL,'Flávio Costa','2026-02-18 12:47:55'),(257,70,'Nobre ','ENTREGUE',NULL,'Flávio Costa','2026-02-18 12:48:06'),(258,70,'Dika','ENTREGUE',NULL,'Flávio Costa','2026-02-18 12:48:14'),(259,70,'D marcos ','ENTREGUE',NULL,'Flávio Costa','2026-02-18 12:48:21'),(261,70,'Capriolle','ENTREGUE',NULL,'Flávio Costa','2026-02-18 12:48:30'),(262,70,'Dom confeiteiro','ENTREGUE',NULL,'Flávio Costa','2026-02-18 12:48:39'),(263,71,'Lamama ','ENTREGUE',NULL,'Flávio Costa','2026-02-18 23:24:12'),(264,71,'Sabor do sul camacari ','ENTREGUE',NULL,'Flávio Costa','2026-02-18 23:24:25'),(265,71,'Su pizza su pizza zone','ENTREGUE',NULL,'Flávio Costa','2026-02-18 23:24:50'),(266,71,'Palestra ','ENTREGUE',NULL,'Flávio Costa','2026-02-18 23:25:02'),(267,71,'Band ','ENTREGUE',NULL,'Flávio Costa','2026-02-18 23:25:15'),(268,71,'Pizzaria são paulo','ENTREGUE',NULL,'Flávio Costa','2026-02-18 23:25:30'),(269,72,'Sabor do sul imbui ','ENTREGUE',NULL,'Flávio Costa','2026-02-21 09:44:34'),(270,72,'Tamara reys ','ENTREGUE',NULL,'Flávio Costa','2026-02-21 09:44:53'),(271,72,'Que fome','ENTREGUE',NULL,'Flávio Costa','2026-02-21 09:45:15'),(272,72,'Bonara ','ENTREGUE',NULL,'Flávio Costa','2026-02-21 09:45:33'),(273,72,'Pizzaria chef','ENTREGUE',NULL,'Flávio Costa','2026-02-21 09:46:09'),(274,72,'Dois irmãos ','ENTREGUE',NULL,'Flávio Costa','2026-02-21 09:46:30'),(275,72,'Na lenha ','ENTREGUE',NULL,'Flávio Costa','2026-02-21 09:47:11'),(276,72,'Ki gaúcho ','ENTREGUE',NULL,'Flávio Costa','2026-02-21 09:47:38'),(277,73,'Sabor do sul imbui ','ENTREGUE',NULL,'Flávio Costa','2026-02-25 01:13:35'),(278,73,'Sabor do sul camacari ','ENTREGUE',NULL,'Flávio Costa','2026-02-25 01:13:48'),(279,73,'Dois irmãos ','ENTREGUE',NULL,'Flávio Costa','2026-02-25 01:13:58'),(280,73,'Band','ENTREGUE',NULL,'Flávio Costa','2026-02-25 01:14:09'),(281,74,'Lamama ','ENTREGUE',NULL,'Flávio Costa','2026-02-27 09:43:26'),(282,74,'Rey da esfira ','ENTREGUE',NULL,'Flávio Costa','2026-02-27 09:43:34'),(283,74,'Vaqueiro ','ENTREGUE',NULL,'Flávio Costa','2026-02-25 20:04:29'),(284,74,'Salgado gleba e','ENTREGUE',NULL,'Flávio Costa','2026-02-25 20:04:43'),(285,74,'Nobre','ENTREGUE',NULL,'Flávio Costa','2026-02-25 20:04:57'),(286,74,'Dona pizza ','ENTREGUE',NULL,'Flávio Costa','2026-02-25 20:05:12'),(287,74,'Emily bomba ','ENTREGUE',NULL,'Flávio Costa','2026-02-25 20:05:34'),(288,74,'Emily 46','ENTREGUE',NULL,'Flávio Costa','2026-02-27 09:43:44'),(289,74,'Sabor do sul camacari ','ENTREGUE',NULL,'Flávio Costa','2026-02-25 20:06:11'),(290,74,'Bravazo','ENTREGUE',NULL,'Flávio Costa','2026-02-27 09:43:52'),(291,75,'Nova forma ','ENTREGUE',NULL,'Flávio Costa','2026-02-27 09:44:26'),(292,75,'Flax','ENTREGUE','Faltou eu pegar as restante da caixa ','Flávio Costa','2026-03-03 20:21:11'),(293,75,'Ramage ','ENTREGUE',NULL,'Flávio Costa','2026-02-27 09:45:33'),(294,75,'Sam remo ','ENTREGUE',NULL,'Flávio Costa','2026-02-27 09:45:48'),(295,75,'Prime cortes','ENTREGUE',NULL,'Flávio Costa','2026-02-27 09:46:06'),(296,75,'Bela pizza ','ENTREGUE',NULL,'Flávio Costa','2026-02-27 09:48:25'),(297,76,'Band','ENTREGUE',NULL,'Flávio Costa','2026-03-03 22:10:58'),(298,76,'Que fome ','ENTREGUE',NULL,'Flávio Costa','2026-03-03 22:11:09'),(299,76,'Sabor do sul camacari ','ENTREGUE',NULL,'Flávio Costa','2026-03-03 22:11:25'),(300,76,'Sabor do sul camacari ','ENTREGUE',NULL,'Flávio Costa','2026-03-03 22:12:03'),(301,76,'Mona lisa ','ENTREGUE',NULL,'Flávio Costa','2026-03-03 22:12:14'),(302,76,'Valentina','ENTREGUE',NULL,'Flávio Costa','2026-03-03 22:12:44'),(303,76,'Viny pizza ','ENTREGUE',NULL,'Flávio Costa','2026-03-03 22:13:59'),(304,76,'Pizzaria do Thiago ','ENTREGUE',NULL,'Flávio Costa','2026-03-03 22:14:17'),(305,76,'Del more','ENTREGUE',NULL,'Flávio Costa','2026-03-03 22:14:51'),(306,77,'Master pizza 2','ENTREGUE',NULL,'Flávio Costa','2026-03-04 01:31:03'),(307,77,'A italiana ','ENTREGUE',NULL,'Flávio Costa','2026-03-04 01:31:26'),(308,77,'Pitzzou ','ENTREGUE',NULL,'Flávio Costa','2026-03-04 01:31:44'),(309,78,'Su pizza zona ','ENTREGUE',NULL,'Flávio Costa','2026-03-05 10:01:47'),(310,78,'Su pizza ','ENTREGUE',NULL,'Flávio Costa','2026-03-05 10:02:01'),(311,78,'Razolli','ENTREGUE',NULL,'Flávio Costa','2026-03-05 10:02:19'),(312,78,'Bahia bambu ','ENTREGUE',NULL,'Flávio Costa','2026-03-05 10:02:43'),(313,78,'No churrasco ','ENTREGUE',NULL,'Flávio Costa','2026-03-05 10:03:07'),(314,79,'Ramage','ENTREGUE',NULL,'Flávio Costa','2026-03-06 09:30:46'),(315,79,'Sam remo','ENTREGUE',NULL,'Flávio Costa','2026-03-06 09:31:02'),(316,79,'Binha doce','ENTREGUE',NULL,'Flávio Costa','2026-03-06 09:31:34'),(317,79,'Dika ','ENTREGUE',NULL,'Flávio Costa','2026-03-06 09:31:52'),(318,79,'D marco','ENTREGUE',NULL,'Flávio Costa','2026-03-06 09:32:07'),(319,79,'Forno e brasa ','ENTREGUE',NULL,'Flávio Costa','2026-03-06 09:32:26'),(320,79,'Capriolle','ENTREGUE',NULL,'Flávio Costa','2026-03-06 09:32:40'),(321,80,'Baly','ENTREGUE',NULL,'Flávio Costa','2026-03-10 00:05:51'),(322,80,'Dre pizzaria ','ENTREGUE',NULL,'Flávio Costa','2026-03-10 00:06:03'),(323,80,'Primor ','ENTREGUE',NULL,'Flávio Costa','2026-03-10 00:06:14'),(324,80,'Sheik ','ENTREGUE',NULL,'Flávio Costa','2026-03-10 00:06:43'),(325,80,'La pasta robotto','ENTREGUE',NULL,'Flávio Costa','2026-03-10 00:07:01'),(326,81,'Pizza da vila ','ENTREGUE',NULL,'Flávio Costa','2026-03-11 00:46:38'),(327,81,'Sabor do sul imbui ','ENTREGUE',NULL,'Flávio Costa','2026-03-11 00:46:54'),(328,81,'Pizzarell ','ENTREGUE',NULL,'Flávio Costa','2026-03-11 00:47:10'),(329,81,'Sabor do sul brotas ','ENTREGUE',NULL,'Flávio Costa','2026-03-11 00:47:27'),(330,81,'Dhethello ','ENTREGUE',NULL,'Flávio Costa','2026-03-11 00:47:48'),(331,81,'Que fome ','ENTREGUE',NULL,'Flávio Costa','2026-03-11 00:47:59'),(332,81,'Que fome ','ENTREGUE',NULL,'Flávio Costa','2026-03-11 00:48:01'),(333,81,'Que fome ','ENTREGUE',NULL,'Flávio Costa','2026-03-11 00:48:02'),(334,81,'Que fome ','ENTREGUE',NULL,'Flávio Costa','2026-03-11 00:48:03'),(335,81,'Dois irmãos ','ENTREGUE',NULL,'Flávio Costa','2026-03-11 00:48:17'),(336,81,'Dois irmãos ','ENTREGUE',NULL,'Flávio Costa','2026-03-11 00:48:18'),(337,81,'Dois irmãos ','ENTREGUE',NULL,'Flávio Costa','2026-03-11 00:48:21'),(338,81,'Band ','ENTREGUE',NULL,'Flávio Costa','2026-03-11 00:48:35'),(339,81,'Band ','ENTREGUE',NULL,'Flávio Costa','2026-03-11 00:48:37'),(340,81,'Band ','ENTREGUE',NULL,'Flávio Costa','2026-03-11 00:48:38'),(341,81,'Band ','ENTREGUE',NULL,'Flávio Costa','2026-03-11 00:48:39'),(342,81,'Belmonte keky','ENTREGUE',NULL,'Flávio Costa','2026-03-11 00:49:25'),(343,82,'Sabor do sul camacari ','ENTREGUE',NULL,'Flávio Costa','2026-03-12 00:57:23'),(344,82,'Lamama ','ENTREGUE',NULL,'Flávio Costa','2026-03-12 00:57:35'),(345,82,'Emily 46','ENTREGUE',NULL,'Flávio Costa','2026-03-12 00:57:48'),(346,82,'Sabor do sul cajazeira ','ENTREGUE',NULL,'Flávio Costa','2026-03-12 00:58:19'),(347,82,'Pedro e perolla ','ENTREGUE',NULL,'Flávio Costa','2026-03-12 00:58:36'),(348,82,'Prazeres pizza ','ENTREGUE',NULL,'Flávio Costa','2026-03-12 00:58:54'),(349,82,'Careca ','ENTREGUE',NULL,'Flávio Costa','2026-03-12 00:59:04'),(350,82,'Las trada ','ENTREGUE',NULL,'Flávio Costa','2026-03-12 00:59:20'),(351,82,'Barus ','ENTREGUE',NULL,'Flávio Costa','2026-03-12 00:59:32'),(352,82,'Palestra ','ENTREGUE',NULL,'Flávio Costa','2026-03-12 00:59:45'),(353,82,'Nobre ','ENTREGUE',NULL,'Flávio Costa','2026-03-12 00:59:55'),(354,83,'Sorelle','ENTREGUE',NULL,'Flávio Costa','2026-03-13 00:47:57'),(355,83,'Arabaiano alagoinha x catu ','ENTREGUE',NULL,'Flávio Costa','2026-03-13 00:48:33'),(356,83,'Chefs','ENTREGUE',NULL,'Flávio Costa','2026-03-13 00:48:44'),(357,83,'Dagas','ENTREGUE',NULL,'Flávio Costa','2026-03-13 00:49:05'),(358,84,'Dre','ENTREGUE',NULL,'Flávio Costa','2026-03-16 20:13:44'),(359,84,'Napolitana ','ENTREGUE',NULL,'Flávio Costa','2026-03-16 20:14:21'),(361,84,'Nova forma','ENTREGUE',NULL,'Flávio Costa','2026-03-16 20:16:35'),(362,84,'Pizzaria da hora','ENTREGUE',NULL,'Flávio Costa','2026-03-16 21:37:24'),(363,85,'Jardim das pizza ','ENTREGUE',NULL,'Flávio Costa','2026-03-18 01:02:41'),(364,85,'Viny pizza ','ENTREGUE',NULL,'Flávio Costa','2026-03-18 01:03:00'),(365,85,'Sandra aguiar','ENTREGUE',NULL,'Flávio Costa','2026-03-18 01:03:17'),(366,85,'Sabor do sul imbui ','ENTREGUE',NULL,'Flávio Costa','2026-03-18 01:03:37'),(367,85,'Dois irmãos ','ENTREGUE',NULL,'Flávio Costa','2026-03-18 01:03:53'),(368,85,'Band ','ENTREGUE',NULL,'Flávio Costa','2026-03-18 01:04:06'),(369,85,'Saborely ','ENTREGUE',NULL,'Flávio Costa','2026-03-18 01:04:21'),(370,86,'Tourao ','ENTREGUE','1 caixa de Tourao ficou embaixo de outra caixa nao vimos mais o bom que vamos entregar ele denovo e levamos ela ','Flávio Costa','2026-03-19 10:59:11'),(371,86,'Sabor do sul cajazeira ','ENTREGUE',NULL,'Flávio Costa','2026-03-19 10:55:24'),(372,86,'Bonara ','ENTREGUE',NULL,'Flávio Costa','2026-03-19 10:55:42'),(373,86,'Andreia Borges ','ENTREGUE',NULL,'Flávio Costa','2026-03-19 10:56:01'),(374,86,'Cabral ','ENTREGUE',NULL,'Flávio Costa','2026-03-19 10:56:13'),(375,86,'D flesh','ENTREGUE',NULL,'Flávio Costa','2026-03-19 10:56:46'),(376,86,'Pizzaria litoral ','ENTREGUE',NULL,'Flávio Costa','2026-03-19 10:57:07'),(377,86,'Careca ','ENTREGUE',NULL,'Flávio Costa','2026-03-19 10:57:18'),(378,86,'Pizzaria são paulo ','ENTREGUE',NULL,'Flávio Costa','2026-03-19 10:57:37'),(379,87,'Tourao ','ENTREGUE',NULL,'Flávio Costa','2026-03-20 22:54:22'),(380,87,'Razzole','ENTREGUE',NULL,'Flávio Costa','2026-03-20 22:54:30'),(381,87,'Dika pizza ','ENTREGUE',NULL,'Flávio Costa','2026-03-20 22:54:53'),(382,87,'Capriolle ','ENTREGUE',NULL,'Flávio Costa','2026-03-21 02:33:52'),(383,87,'D marcos ','ENTREGUE',NULL,'Flávio Costa','2026-03-21 02:34:07'),(384,87,'To no trabalho ','ENTREGUE',NULL,'Flávio Costa','2026-03-21 02:34:50'),(385,87,'Pizzaria zunm','ENTREGUE',NULL,'Flávio Costa','2026-03-21 02:35:03'),(386,87,'Club catu','ENTREGUE',NULL,'Flávio Costa','2026-03-21 02:35:26'),(387,88,'Pitzzou ','ENTREGUE',NULL,'Flávio Costa','2026-03-21 02:36:23'),(388,88,'Batas ','ENTREGUE',NULL,'Flávio Costa','2026-03-21 02:36:43'),(389,88,'Dechello','ENTREGUE',NULL,'Flávio Costa','2026-03-21 02:37:07'),(390,88,'Banquete do rey','ENTREGUE',NULL,'Flávio Costa','2026-03-21 02:37:23'),(391,88,'Em família ','ENTREGUE',NULL,'Flávio Costa','2026-03-21 02:37:39'),(392,89,'Primor','ENTREGUE',NULL,'Flávio Costa','2026-03-24 10:06:19'),(393,89,'Oxente','ENTREGUE',NULL,'Flávio Costa','2026-03-24 10:06:33'),(394,89,'Emily b ','ENTREGUE',NULL,'Flávio Costa','2026-03-24 10:06:53'),(395,89,'Meu bebê ','ENTREGUE',NULL,'Flávio Costa','2026-03-24 10:07:09'),(396,89,'Dre pizzaria ','ENTREGUE',NULL,'Flávio Costa','2026-03-24 10:07:23'),(397,89,'Fratello ','ENTREGUE',NULL,'Flávio Costa','2026-03-24 10:07:43'),(398,90,'Master pizza 2','ENTREGUE',NULL,'Flávio Costa','2026-03-25 00:17:37'),(399,90,'Sabor do sul imbui ','ENTREGUE',NULL,'Flávio Costa','2026-03-25 00:17:59'),(400,90,'Sabor do sul itapua ','ENTREGUE',NULL,'Flávio Costa','2026-03-25 00:18:16'),(401,90,'Que fome ','ENTREGUE',NULL,'Flávio Costa','2026-03-25 00:18:36'),(402,90,'Del amore','ENTREGUE',NULL,'Flávio Costa','2026-03-25 00:19:30'),(403,90,'Britz burguer ','ENTREGUE',NULL,'Flávio Costa','2026-03-25 00:20:02'),(404,91,'La gama ','ENTREGUE','Tem 200 reais na minha mão o resto no pix','Flávio Costa','2026-03-25 23:45:23'),(405,91,'Delicia de pão ','ENTREGUE',NULL,'Flávio Costa','2026-03-25 23:45:42'),(406,91,'Ljm salgado','ENTREGUE',NULL,'Flávio Costa','2026-03-25 23:46:40'),(407,91,'Careca ','ENTREGUE',NULL,'Flávio Costa','2026-03-25 23:46:55'),(408,91,'Su pizza ','ENTREGUE',NULL,'Flávio Costa','2026-03-25 23:47:09'),(409,91,'Defran','ENTREGUE',NULL,'Flávio Costa','2026-03-25 23:47:32'),(410,91,'Las trada','ENTREGUE',NULL,'Flávio Costa','2026-03-25 23:47:53'),(411,92,'Fraboyane ','ENTREGUE',NULL,'Flávio Costa','2026-03-27 00:50:57'),(412,92,'Bar do chef','ENTREGUE',NULL,'Flávio Costa','2026-03-27 00:51:14'),(413,92,'Chefs ','ENTREGUE',NULL,'Flávio Costa','2026-03-27 00:51:24'),(414,92,'Pizzaria fatias ','ENTREGUE',NULL,'Flávio Costa','2026-03-27 00:51:40'),(415,92,'Lenharretho ','ENTREGUE',NULL,'Flávio Costa','2026-03-27 00:51:59');
/*!40000 ALTER TABLE `entregas_clientes` ENABLE KEYS */;
UNLOCK TABLES;

--
-- Table structure for table `entregas_pedidos`
--

DROP TABLE IF EXISTS `entregas_pedidos`;
/*!40101 SET @saved_cs_client     = @@character_set_client */;
/*!50503 SET character_set_client = utf8mb4 */;
CREATE TABLE `entregas_pedidos` (
  `id` int NOT NULL AUTO_INCREMENT,
  `titulo` varchar(150) NOT NULL,
  `data_pedido` date NOT NULL,
  `criado_por` varchar(100) NOT NULL,
  `criado_em` timestamp NULL DEFAULT CURRENT_TIMESTAMP,
  PRIMARY KEY (`id`)
) ENGINE=InnoDB AUTO_INCREMENT=93 DEFAULT CHARSET=utf8mb4 COLLATE=utf8mb4_0900_ai_ci;
/*!40101 SET character_set_client = @saved_cs_client */;

--
-- Dumping data for table `entregas_pedidos`
--

LOCK TABLES `entregas_pedidos` WRITE;
/*!40000 ALTER TABLE `entregas_pedidos` DISABLE KEYS */;
INSERT INTO `entregas_pedidos` VALUES (4,'Cadeias','2025-12-15','Thiago','2025-12-15 20:05:36'),(5,'São Francisco do conde ','2025-12-15','Thiago','2025-12-15 20:05:50'),(6,'Camacari ','2025-12-15','Flávio Costa','2025-12-15 20:15:48'),(7,'Salvador ','2025-12-15','Flávio Costa','2025-12-15 20:18:35'),(8,'Candeias ','2025-12-16','Flávio Costa','2025-12-16 17:27:24'),(9,'Camaçari ','2025-12-16','Flávio Costa','2025-12-16 17:58:11'),(10,'Simões filho ','2025-12-16','Flávio Costa','2025-12-16 18:20:36'),(12,'Camaçari ','2025-12-17','Flávio Costa','2025-12-17 15:16:55'),(13,'Lauro de Freitas ','2025-12-17','Flávio Costa','2025-12-18 12:38:08'),(14,'Alagoinhas ','2025-12-18','Thiago','2025-12-18 18:59:45'),(15,'Catu','2025-12-18','Thiago','2025-12-18 19:02:12'),(16,'Camacari ','2025-12-18','Flávio Costa','2025-12-19 04:38:45'),(17,'Dias davila','2025-12-18','Flávio Costa','2025-12-19 04:41:57'),(18,'Orla de camaçari ','2025-12-19','Flávio Costa','2025-12-19 17:56:07'),(19,'Feira de Santana ','2025-12-20','Thiago','2025-12-21 08:51:52'),(20,'Camacari ','2025-12-22','Flávio Costa','2025-12-22 20:11:53'),(21,'Simões filho ','2025-12-22','Flávio Costa','2025-12-22 20:12:23'),(22,'Dias davila ','2025-12-22','Thiago','2025-12-23 02:47:49'),(23,'Catu','2025-12-22','Thiago','2025-12-23 02:48:11'),(24,'Pojuca','2025-12-22','Thiago','2025-12-23 02:48:38'),(25,'Via parafuso ','2025-12-23','Thiago','2025-12-23 17:11:58'),(26,'Salvador ','2025-12-23','Flávio Costa','2025-12-23 17:56:08'),(27,'Camaçari ','2025-12-23','Flávio Costa','2025-12-23 17:58:24'),(28,'Salvador ','2025-12-23','Flávio Costa','2025-12-23 17:59:49'),(29,'Salvador ','2025-12-23','Thiago','2025-12-23 18:41:15'),(30,'Lauro de Freitas ','2025-12-24','Flávio Costa','2025-12-25 00:33:04'),(31,'ORLA DE CAMAÇARI ','2025-12-26','Flávio Costa','2025-12-27 11:31:14'),(32,'Jaquipe','2025-12-27','Flávio Costa','2025-12-27 13:16:43'),(33,'São Francisco ','2025-12-29','Flávio Costa','2025-12-30 00:13:03'),(34,'Camacari ','2025-12-29','Flávio Costa','2025-12-30 00:13:57'),(35,'Camacari ','2025-12-30','Flávio Costa','2025-12-30 13:30:54'),(36,'ORLA CAMAÇARI ','2026-01-02','Flávio Costa','2026-01-04 12:09:52'),(37,'Lauro','2026-01-05','Flávio Costa','2026-01-06 19:20:13'),(38,'Salvador ','2026-01-06','Flávio Costa','2026-01-06 19:20:41'),(39,'Alagoinha ','2026-01-08','Flávio Costa','2026-01-09 00:29:00'),(40,'Dias davilla ','2026-01-08','Flávio Costa','2026-01-09 00:31:00'),(42,'Camacari ','2026-01-08','Flávio Costa','2026-01-09 00:37:45'),(43,'Salvador ','2026-01-09','Flávio Costa','2026-01-09 17:51:50'),(44,'Simões filho ','2026-01-09','Flávio Costa','2026-01-09 17:52:02'),(45,'Salvador ','2026-01-10','Flávio Costa','2026-01-12 14:31:55'),(46,'Camacari ','2026-01-12','Flávio Costa','2026-01-12 14:34:05'),(47,'Salvador ','2026-01-12','Flávio Costa','2026-01-12 14:34:59'),(48,'Salvador ','2026-01-13','Flávio Costa','2026-01-13 22:57:01'),(49,'Madre de Deus ','2026-01-13','Flávio Costa','2026-01-13 22:58:12'),(50,'Salvador ','2026-01-14','Flávio Costa','2026-01-15 13:22:19'),(51,'Camacari ','2026-01-15','Flávio Costa','2026-01-16 20:16:14'),(52,'ORLA camaçari ','2026-01-16','Flávio Costa','2026-01-18 05:13:42'),(53,'Camacari ','2026-01-19','Flávio Costa','2026-01-19 21:52:43'),(54,'Salvador ','2026-01-21','Flávio Costa','2026-01-21 23:12:23'),(55,'Salvador camaçari ','2026-01-22','Flávio Costa','2026-01-23 13:28:18'),(56,'Orla de camaçari ','2026-01-23','Flávio Costa','2026-01-23 13:31:23'),(58,'Camacari são Francisco ','2026-01-26','Flávio Costa','2026-01-29 02:37:41'),(59,'Salvador x camacari ','2026-01-27','Flávio Costa','2026-01-29 02:40:55'),(60,'Salvador ','2026-01-28','Flávio Costa','2026-01-29 02:45:10'),(61,'Camaçari ','2026-01-29','Flávio Costa','2026-01-30 11:15:49'),(62,'ORLA CAMAÇARI ','2026-01-30','Flávio Costa','2026-02-01 01:46:07'),(63,'Salvador camaçari ','2026-02-03','Flávio Costa','2026-02-03 13:20:58'),(64,'Camacari abrantes ','2026-02-04','Flávio Costa','2026-02-05 17:44:35'),(65,'Camacari, catu, dias davilla ','2026-02-05','Flávio Costa','2026-02-05 17:47:26'),(66,'ORLA ','2026-02-06','Flávio Costa','2026-02-07 14:49:25'),(67,'Camacari  Salvador ','2026-02-09','Flávio Costa','2026-02-09 21:29:05'),(68,'Salvador ','2026-02-10','Flávio Costa','2026-02-10 17:15:49'),(69,'Camacari,  Salvador, Lauro ','2026-02-11','Flávio Costa','2026-02-11 12:26:43'),(70,'Camacari,dias davilla ','2026-02-12','Flávio Costa','2026-02-12 10:58:21'),(71,'Camacari x abrantes ','2026-02-18','Flávio Costa','2026-02-18 23:24:00'),(72,'Salvador ','2026-02-20','Flávio Costa','2026-02-21 09:44:18'),(73,'Salvador camacari ','2026-02-24','Flávio Costa','2026-02-25 01:13:15'),(74,'Camacari ','2026-02-25','Flávio Costa','2026-02-25 20:03:33'),(75,'Camacari x Salvador ','2026-02-26','Flávio Costa','2026-02-27 09:44:10'),(76,'Camacari Salvador ','2026-03-03','Flávio Costa','2026-03-03 20:31:28'),(77,'Salvador','2026-03-02','Flávio Costa','2026-03-03 22:15:16'),(78,'Lauro de Freitas ','2026-03-04','Flávio Costa','2026-03-05 10:01:24'),(79,'Dias davilla camacari ','2026-03-05','Flávio Costa','2026-03-05 18:55:49'),(80,'Salvador são Francisco ','2026-03-09','Flávio Costa','2026-03-10 00:05:40'),(81,'Salvador ','2026-03-10','Flávio Costa','2026-03-11 00:46:18'),(82,'Salvado, itinga, Camaçari ','2026-03-11','Flávio Costa','2026-03-12 00:57:12'),(83,'Alagoinha catu ','2026-03-12','Flávio Costa','2026-03-13 00:47:34'),(84,'Salvador x camacari ','2026-03-16','Flávio Costa','2026-03-16 20:04:58'),(85,'Salvador x camaçari x areia Branca ','2026-03-17','Flávio Costa','2026-03-18 01:02:23'),(86,'Salvador x Lauro itinga ','2026-03-18','Flávio Costa','2026-03-19 10:54:47'),(87,'Salvador x  dias davilla x catu','2026-03-19','Flávio Costa','2026-03-19 11:00:08'),(88,'Salvador ','2026-03-20','Flávio Costa','2026-03-21 02:36:06'),(89,'Salvador x São Francisco ','2026-03-23','Flávio Costa','2026-03-24 10:06:10'),(90,'Salvador ','2026-03-24','Flávio Costa','2026-03-25 00:17:20'),(91,'Lauro Salvador ','2026-03-25','Flávio Costa','2026-03-25 23:44:36'),(92,'Alagoinha pojuca ','2026-03-26','Flávio Costa','2026-03-27 00:50:34');
/*!40000 ALTER TABLE `entregas_pedidos` ENABLE KEYS */;
UNLOCK TABLES;

--
-- Table structure for table `fornecedores`
--

DROP TABLE IF EXISTS `fornecedores`;
/*!40101 SET @saved_cs_client     = @@character_set_client */;
/*!50503 SET character_set_client = utf8mb4 */;
CREATE TABLE `fornecedores` (
  `id` int NOT NULL AUTO_INCREMENT,
  `nome` varchar(100) COLLATE utf8mb4_unicode_ci NOT NULL,
  `porcentagem` decimal(5,2) NOT NULL,
  `criado_em` timestamp NULL DEFAULT CURRENT_TIMESTAMP,
  PRIMARY KEY (`id`)
) ENGINE=InnoDB AUTO_INCREMENT=4 DEFAULT CHARSET=utf8mb4 COLLATE=utf8mb4_unicode_ci;
/*!40101 SET character_set_client = @saved_cs_client */;

--
-- Dumping data for table `fornecedores`
--

LOCK TABLES `fornecedores` WRITE;
/*!40000 ALTER TABLE `fornecedores` DISABLE KEYS */;
/*!40000 ALTER TABLE `fornecedores` ENABLE KEYS */;
UNLOCK TABLES;

--
-- Table structure for table `notificacoes`
--

DROP TABLE IF EXISTS `notificacoes`;
/*!40101 SET @saved_cs_client     = @@character_set_client */;
/*!50503 SET character_set_client = utf8mb4 */;
CREATE TABLE `notificacoes` (
  `id` int NOT NULL AUTO_INCREMENT,
  `mensagem` varchar(255) COLLATE utf8mb4_unicode_ci NOT NULL,
  `tipo` enum('checklist','caixa') COLLATE utf8mb4_unicode_ci NOT NULL,
  `criado_em` timestamp NULL DEFAULT CURRENT_TIMESTAMP,
  PRIMARY KEY (`id`)
) ENGINE=InnoDB AUTO_INCREMENT=270 DEFAULT CHARSET=utf8mb4 COLLATE=utf8mb4_unicode_ci;
/*!40101 SET character_set_client = @saved_cs_client */;

--
-- Dumping data for table `notificacoes`
--

LOCK TABLES `notificacoes` WRITE;
/*!40000 ALTER TABLE `notificacoes` DISABLE KEYS */;
INSERT INTO `notificacoes` VALUES (197,'Checklist do veículo Master registrado por Flávio Costa','checklist','2025-12-17 13:37:55'),(198,'Checklist do veículo Strada registrado por Thiago','checklist','2025-12-18 12:20:50'),(199,'Checklist do veículo Master registrado por Flávio Costa','checklist','2025-12-18 13:24:37'),(200,'Caixa \"PIZZA QUADRADA P BRANCA\" foi adicionada/atualizada por Welinton Oliveira','caixa','2025-12-18 15:58:44'),(201,'Caixa \"PIZZA QUADRADA P BRANCA\" foi adicionada/atualizada por Welinton Oliveira','caixa','2025-12-18 15:58:59'),(202,'Caixa \"PIZZA QUADRADA P BRANCA\" foi adicionada/atualizada por Welinton Oliveira','caixa','2025-12-18 15:59:17'),(203,'Checklist do veículo Master registrado por Flávio Costa','checklist','2025-12-19 13:50:20'),(204,'Checklist do veículo Master registrado por Flávio Costa','checklist','2025-12-22 20:10:51'),(205,'Checklist do veículo Master registrado por Flávio Costa','checklist','2025-12-23 11:58:31'),(206,'Checklist do veículo Strada registrado por Flávio Costa','checklist','2025-12-23 17:55:45'),(207,'Checklist do veículo Strada registrado por Flávio Costa','checklist','2025-12-24 21:40:55'),(208,'Checklist do veículo Master registrado por Flávio Costa','checklist','2025-12-27 13:16:13'),(209,'Checklist do veículo Master registrado por Flávio Costa','checklist','2025-12-30 00:12:01'),(210,'Checklist do veículo Master registrado por Flávio Costa','checklist','2025-12-30 13:32:37'),(211,'Checklist do veículo Strada registrado por Flávio Costa','checklist','2026-01-05 20:50:48'),(212,'Checklist do veículo Master registrado por Flávio Costa','checklist','2026-01-06 19:19:46'),(213,'Checklist do veículo Master registrado por Flávio Costa','checklist','2026-01-07 16:50:28'),(214,'Checklist do veículo Master registrado por Flávio Costa','checklist','2026-01-08 21:47:59'),(215,'Checklist do veículo Master registrado por Flávio Costa','checklist','2026-01-09 17:51:28'),(216,'Checklist do veículo Strada registrado por Flávio Costa','checklist','2026-01-10 20:08:04'),(217,'Checklist do veículo Master registrado por Flávio Costa','checklist','2026-01-12 14:36:22'),(218,'Checklist do veículo Strada registrado por Flávio Costa','checklist','2026-01-13 22:56:44'),(219,'Checklist do veículo Strada registrado por Flávio Costa','checklist','2026-01-14 18:13:42'),(220,'Checklist do veículo Master registrado por Flávio Costa','checklist','2026-01-15 13:20:47'),(221,'Checklist do veículo Strada registrado por Flávio Costa','checklist','2026-01-16 20:07:27'),(222,'Checklist do veículo Master registrado por Flávio Costa','checklist','2026-01-19 21:52:17'),(223,'Checklist do veículo Master registrado por Flávio Costa','checklist','2026-01-21 17:57:49'),(224,'Veículo Renault  Master (2011) editado por Eliege Santos','caixa','2026-01-21 18:29:49'),(225,'Veículo Renault  Master (2011) editado por Eliege Santos','caixa','2026-01-21 18:44:18'),(226,'Checklist do veículo Strada registrado por Flávio Costa','checklist','2026-01-22 19:35:17'),(227,'Checklist do veículo Master registrado por Flávio Costa','checklist','2026-01-23 13:27:47'),(228,'Checklist do veículo Strada registrado por Flávio Costa','checklist','2026-01-26 21:38:49'),(229,'Checklist do veículo Master registrado por Flávio Costa','checklist','2026-01-27 13:31:45'),(230,'Checklist do veículo Master registrado por Flávio Costa','checklist','2026-01-28 15:28:26'),(231,'Veículo Fiat Strada (2013) editado por David Silva','caixa','2026-01-28 21:51:26'),(232,'Checklist do veículo Master registrado por Flávio Costa','checklist','2026-01-29 13:29:32'),(233,'Checklist do veículo Strada registrado por Flávio Costa','checklist','2026-01-30 19:41:37'),(234,'Checklist do veículo Master registrado por Flávio Costa','checklist','2026-02-02 14:34:06'),(235,'Checklist do veículo Strada registrado por Flávio Costa','checklist','2026-02-04 20:16:31'),(236,'Checklist do veículo Master registrado por Flávio Costa','checklist','2026-02-05 17:44:08'),(237,'Checklist do veículo Strada registrado por Flávio Costa','checklist','2026-02-07 14:50:05'),(238,'Caixa \"MALETA C3 PERSONALIZADA PARDA\" foi adicionada/atualizada por Welinton Oliveira','caixa','2026-02-09 18:50:28'),(239,'Caixa \"MALETA GG PERSONALIZADA PARDA\" foi adicionada/atualizada por Welinton Oliveira','caixa','2026-02-09 18:51:04'),(240,'Caixa \"MALETA C6 PERSONALIZADA PARDA\" foi adicionada/atualizada por Welinton Oliveira','caixa','2026-02-09 18:51:56'),(241,'Checklist do veículo Master registrado por Flávio Costa','checklist','2026-02-10 17:15:25'),(242,'Checklist do veículo Master registrado por Flávio Costa','checklist','2026-02-11 12:25:10'),(243,'Checklist do veículo Master registrado por Flávio Costa','checklist','2026-02-18 12:47:15'),(244,'Checklist do veículo Strada registrado por Flávio Costa','checklist','2026-02-18 23:23:36'),(245,'Checklist do veículo Master registrado por Flávio Costa','checklist','2026-02-19 13:15:19'),(246,'Checklist do veículo Master registrado por Flávio Costa','checklist','2026-02-24 13:25:36'),(247,'Checklist do veículo Strada registrado por Flávio Costa','checklist','2026-02-25 20:03:18'),(248,'Checklist do veículo Fiorino registrado por David Silva','checklist','2026-02-26 19:42:22'),(249,'Checklist do veículo Strada registrado por Flávio Costa','checklist','2026-02-27 18:08:38'),(250,'Veículo Fiat Fiorino (2010) editado por David Silva','caixa','2026-02-27 18:32:44'),(251,'Checklist do veículo Strada registrado por Flávio Costa','checklist','2026-03-02 19:46:39'),(252,'Checklist do veículo Master registrado por Flávio Costa','checklist','2026-03-03 17:48:17'),(253,'Checklist do veículo Strada registrado por Flávio Costa','checklist','2026-03-04 20:01:22'),(254,'Checklist do veículo Master registrado por Flávio Costa','checklist','2026-03-05 18:57:27'),(255,'Checklist do veículo Strada registrado por Flávio Costa','checklist','2026-03-10 00:04:41'),(256,'Checklist do veículo Master registrado por Flávio Costa','checklist','2026-03-10 17:37:01'),(257,'Checklist do veículo Master registrado por Flávio Costa','checklist','2026-03-11 19:05:42'),(258,'Checklist do veículo Strada registrado por Flávio Costa','checklist','2026-03-12 19:24:39'),(259,'Checklist do veículo Strada registrado por Flávio Costa','checklist','2026-03-13 18:32:22'),(260,'Checklist do veículo Strada registrado por Flávio Costa','checklist','2026-03-16 20:04:14'),(261,'Checklist do veículo Master registrado por Flávio Costa','checklist','2026-03-17 18:32:35'),(262,'Checklist do veículo Master registrado por Flávio Costa','checklist','2026-03-18 20:20:04'),(263,'Checklist do veículo Master registrado por Flávio Costa','checklist','2026-03-19 20:14:39'),(264,'Checklist do veículo Strada registrado por Flávio Costa','checklist','2026-03-19 20:15:51'),(265,'Checklist do veículo Strada registrado por Flávio Costa','checklist','2026-03-20 18:47:22'),(266,'Checklist do veículo Strada registrado por Flávio Costa','checklist','2026-03-23 12:59:25'),(267,'Checklist do veículo Strada registrado por Flávio Costa','checklist','2026-03-25 00:16:59'),(268,'Checklist do veículo Strada registrado por Flávio Costa','checklist','2026-03-25 23:44:17'),(269,'Checklist do veículo Master registrado por Flávio Costa','checklist','2026-03-27 00:53:07');
/*!40000 ALTER TABLE `notificacoes` ENABLE KEYS */;
UNLOCK TABLES;

--
-- Table structure for table `usuarios`
--

DROP TABLE IF EXISTS `usuarios`;
/*!40101 SET @saved_cs_client     = @@character_set_client */;
/*!50503 SET character_set_client = utf8mb4 */;
CREATE TABLE `usuarios` (
  `id` int NOT NULL AUTO_INCREMENT,
  `nome` varchar(100) COLLATE utf8mb4_unicode_ci NOT NULL,
  `email` varchar(100) COLLATE utf8mb4_unicode_ci NOT NULL,
  `senha` varchar(255) COLLATE utf8mb4_unicode_ci NOT NULL,
  `criado_em` timestamp NULL DEFAULT CURRENT_TIMESTAMP,
  `tipo_usuario` enum('admin','motorista','financeiro') COLLATE utf8mb4_unicode_ci NOT NULL DEFAULT 'motorista',
  PRIMARY KEY (`id`),
  UNIQUE KEY `email` (`email`)
) ENGINE=InnoDB AUTO_INCREMENT=17 DEFAULT CHARSET=utf8mb4 COLLATE=utf8mb4_unicode_ci;
/*!40101 SET character_set_client = @saved_cs_client */;

--
-- Dumping data for table `usuarios`
--

LOCK TABLES `usuarios` WRITE;
/*!40000 ALTER TABLE `usuarios` DISABLE KEYS */;
INSERT INTO `usuarios` VALUES (1,'David Silva','davidsilva@eco.com','230497','2025-09-09 14:54:20','admin'),(3,'Eliege Santos','eliegesantos@eco.com','1234','2025-09-09 21:28:32','admin'),(4,'Flávio Costa','flaviocosta@eco.com','sky777','2025-09-10 16:29:53','motorista'),(10,'Thiago','thiagoribeiro@eco.com','1234','2025-11-03 16:33:56','motorista'),(12,'Welinton Oliveira','welinton@eco.com','Ecocaixas2026','2025-12-01 16:49:43','financeiro'),(13,'Motorista','motorista@eco.com','1234','2025-12-11 15:31:31','motorista'),(16,'Felipe Almeida','felipealmeida@eco.com','felipeeco','2025-12-19 12:24:31','financeiro');
/*!40000 ALTER TABLE `usuarios` ENABLE KEYS */;
UNLOCK TABLES;

--
-- Table structure for table `veiculo_checklists`
--

DROP TABLE IF EXISTS `veiculo_checklists`;
/*!40101 SET @saved_cs_client     = @@character_set_client */;
/*!50503 SET character_set_client = utf8mb4 */;
CREATE TABLE `veiculo_checklists` (
  `id` int NOT NULL AUTO_INCREMENT,
  `veiculo_id` int NOT NULL,
  `servico` text COLLATE utf8mb4_unicode_ci,
  `oficina` varchar(120) COLLATE utf8mb4_unicode_ci NOT NULL,
  `mecanico` varchar(120) COLLATE utf8mb4_unicode_ci NOT NULL,
  `valor` decimal(10,2) NOT NULL,
  `data_servico` date NOT NULL,
  `km_servico` int NOT NULL,
  `documento` varchar(255) COLLATE utf8mb4_unicode_ci DEFAULT NULL,
  `criado_em` timestamp NULL DEFAULT CURRENT_TIMESTAMP,
  `atualizado_em` timestamp NULL DEFAULT CURRENT_TIMESTAMP ON UPDATE CURRENT_TIMESTAMP,
  `atualizado_por` varchar(100) COLLATE utf8mb4_unicode_ci DEFAULT NULL,
  PRIMARY KEY (`id`),
  KEY `fk_v_chk_veiculo` (`veiculo_id`),
  CONSTRAINT `fk_v_chk_veiculo` FOREIGN KEY (`veiculo_id`) REFERENCES `veiculos` (`id`) ON DELETE CASCADE
) ENGINE=InnoDB AUTO_INCREMENT=31 DEFAULT CHARSET=utf8mb4 COLLATE=utf8mb4_unicode_ci;
/*!40101 SET character_set_client = @saved_cs_client */;

--
-- Dumping data for table `veiculo_checklists`
--

LOCK TABLES `veiculo_checklists` WRITE;
/*!40000 ALTER TABLE `veiculo_checklists` DISABLE KEYS */;
INSERT INTO `veiculo_checklists` VALUES (1,1,'Remoção do alternador \r\ntroca do retentor do cambio \r\ntroca do rolamento dianteiro L/E\r\ntroca do coxim inferior do motor\r\n01 rolamento SKF\r\nTroca do cabo de freio\r\n','Oficina das vans ','Cleiton',880.00,'2025-08-25',16000,'WhatsApp_Image_2025-09-20_at_07.54.18_1758365709498.jpeg','2025-09-20 10:55:09','2025-09-20 10:55:09','Eliege Santos'),(2,1,'Troca da Bomba Da Agua \r\nTroca do Hidrovacuo \r\nA peça hidrovacuo R$550','oficina das vans','Cleiton',900.00,'2025-09-11',160000,'WhatsApp_Image_2025-09-20_at_08.05.44_1758366376729.jpeg','2025-09-20 11:06:16','2025-09-20 11:06:16','Eliege Santos'),(3,2,'Isolamento do ar quente ','Oficina do Zé ','Zé',100.00,'2025-09-02',50000,'WhatsApp_Image_2025-09-20_at_08.10.17_1758366631715.jpeg','2025-09-20 11:10:31','2025-09-20 11:10:31','Eliege Santos'),(4,2,'Troca de óleo\r\nFiltro de óleo\r\nFiltro de ar\r\nFiltro de combustível   ','Zé do óleo ','Zé do óleo ',255.00,'2025-09-04',80000,NULL,'2025-09-20 11:15:02','2025-09-20 11:15:02','Eliege Santos'),(5,3,'Óleo\r\nFiltro de ar\r\nFiltro de óleo  ','Zé do óleo','Zé do óleo ',255.00,'2025-09-04',50000,NULL,'2025-09-20 11:16:18','2025-09-20 11:16:18','Eliege Santos'),(6,2,'Troca do retentor do volante \r\num kit de embreagem \r\num rolamento semi eixo \r\nUma coifa do cambio ','Zé mecânico ','Zé mecânico ',1100.00,'2025-08-14',50000,'WhatsApp_Image_2025-09-20_at_08.19.14_1758367177231.jpeg','2025-09-20 11:19:37','2025-09-20 11:19:37','Eliege Santos'),(7,1,'Alinhamento e balanceamento ','ABS','ABS',150.00,'2025-08-15',50000,'WhatsApp_Image_2025-09-20_at_08.22.23_1758367365249.jpeg','2025-09-20 11:22:45','2025-09-20 11:22:45','Eliege Santos'),(8,1,'Limpeza do sistema ','Reis dos radiadores ','Reis dos radiadores ',200.00,'2025-01-22',50000,'WhatsApp_Image_2025-09-20_at_08.25.33_1758367554644.jpeg','2025-09-20 11:25:54','2025-09-20 11:25:54','Eliege Santos'),(9,2,'Troca de óleo do combino de macha  ','Zé mecânico ','Zé ',240.00,'2025-07-30',50000,'WhatsApp_Image_2025-09-20_at_08.33.27_1758368030849.jpeg','2025-09-20 11:33:50','2025-09-20 11:33:50','Eliege Santos'),(10,1,'Troca do rolamento da caixa de marcha \r\n02 retentor do comando de válvula \r\n01 correria do alternador \r\nTroca dos retentor da correia','Oficina da Vans ','Cleiton',600.00,'2025-07-17',50000,'WhatsApp_Image_2025-09-20_at_08.39.12_1758368409090.jpeg','2025-09-20 11:38:30','2025-09-20 11:41:49','Eliege Santos'),(11,2,'Troca de dois pneus dianteiro 2 unidades \r\nalinhamento e balanceamento\r\n  ','ABS Alinhamento e Balanceamento ','Jean ',1000.00,'2025-09-26',0,'WhatsApp_Image_2025-09-26_at_16.36.15_1758915413112.jpeg','2025-09-26 19:36:53','2025-09-26 19:36:53','Eliege Santos'),(12,3,'1 tomada R$55,00\r\n1 tomada R$65,00\r\nTroca de bomba de combustível ','Auto Elétrica Mangueiral  ','Jailton Grande ',320.00,'2025-09-27',0,'WhatsApp_Image_2025-09-27_at_14.17.54_1759238776339.jpeg','2025-09-30 13:24:31','2025-09-30 13:26:16','Eliege Santos'),(13,1,'Filtros: Foi feita a compra de 4 filtros novos  para quando for fazer a troca de Óleo.  Cada unidade custou R$92,00','Estoque','Estoque',368.00,'2025-10-14',0,NULL,'2025-10-15 15:46:06','2025-10-15 15:46:52','Eliege Santos'),(14,2,'Strada\r\nTroca de óleo \r\nFiltro de óleo \r\nFiltro de ar\r\nIndenização do ar\r\n\r\nR$ 300,00','Zé do óleo ','Zé ',300.00,'2025-11-06',233597,NULL,'2025-11-07 12:49:56','2025-11-11 18:57:19','Eliege Santos'),(15,1,'Master\r\nTroca de óleo \r\nFiltro de óleo \r\nFiltro de ar \r\nFiltro de combustível \r\n\r\nR$550,00','Zé do óleo ','Zé ',550.00,'2025-11-06',183567,NULL,'2025-11-07 12:51:51','2025-11-11 18:55:39','Eliege Santos'),(16,1,'Troca do rolamento traseiro \r\nTroca dos retentor da distribuição e da polia do vira botequim \r\nTroca da bomba dia pedal de embreagem \r\n01 óleo de freio\r\n\r\nR$ 465,00 mão de obra \r\nR$ 165,00 rolamento ','Oficina das Vans ','Cleiton',630.00,'2025-10-31',0,NULL,'2025-11-07 15:18:36','2025-11-07 15:18:36','Eliege Santos'),(17,1,'Serviço de alternador \r\nCompra de um impulsor de partida R$148,00\r\nPorta escova R$ 90,00\r\nMão de obra R$ 200,00','Oficina Auto eletrica Ellus ','Elias',438.00,'2025-11-24',0,NULL,'2025-11-26 14:23:09','2025-11-26 14:23:09','Eliege Santos'),(18,1,'Serviço de alternador \r\nCompra de um impulsor de partida R$148,00\r\nPorta escova R$ 90,00\r\nMão de obra R$ 200,00','Oficina Auto eletrica Ellus ','Elias',438.00,'2025-11-24',0,NULL,'2025-11-26 14:23:09','2025-11-26 14:23:09','Eliege Santos'),(19,3,'Solda na descarga \r\nRadiador novo\r\nAditivo \r\nBraçadeira ','Zé mecânico ','Zé',550.00,'2025-12-08',0,NULL,'2025-12-15 12:31:22','2025-12-15 12:31:22','Eliege Santos'),(20,2,'Retifica R$350\r\npeças R$2873\r\nAlinhamento R$50,00\r\nMão de obra R$780','Zé mecânico ','Zé',4053.00,'2025-11-28',236030,NULL,'2025-12-15 12:36:00','2025-12-15 12:36:00','Eliege Santos'),(21,1,'serviço de remoção e instalação das unidades injetoras\r\nserviço de reparo  em 4 unidades injetoras ','Test Diesel','Magno',2900.00,'2026-01-08',189777,'WhatsApp_Image_2026-01-08_at_12.56.14_1767888068404.jpeg','2026-01-08 15:59:32','2026-01-21 18:29:08','Eliege Santos'),(22,3,'Manutenção Fiorino\r\n\r\nTroca coifa câmbio e óleo câmbio\r\nTroca componentes suspensão dianteira\r\nCoxim do motor \r\n\r\nOBS: Não tem como acompanhar o KM, visor apagado\r\n','Zé mecânico ','Zé',1012.00,'2026-01-07',0,'WhatsApp_Image_2026-01-08_at_13.05.06_1767888430328.jpeg','2026-01-08 16:07:10','2026-01-08 16:07:10','Eliege Santos'),(23,3,'Troca de Óleo  ','Zé do Óleo ','Zé ',240.00,'2026-01-05',0,NULL,'2026-01-08 16:09:18','2026-01-08 16:09:18','Eliege Santos'),(24,1,'Remoção e Instalação de bomba alto pressão\r\nReparo em uma Bomba de alta pressão \r\nRemoção e lavagem do tanque de combustível ','Test Diesel','Magno',3600.00,'0026-01-12',189777,NULL,'2026-01-21 16:55:55','2026-01-21 18:27:27','Eliege Santos'),(25,1,'Remoção e instalação da bomba de alta pressão \r\nReparo em uma bomba de alta pressão \r\nServiço de remoção, lavagem e instalação do tanque de combustível ','Test Diesel','Magno',3600.00,'2026-01-12',189777,NULL,'2026-01-21 18:35:22','2026-01-21 18:35:22','Eliege Santos'),(26,2,' Recuperação radiador\r\nAditivo mas água radiador\r\nMão de obra','Zé mecânico ','Zé',350.00,'2026-01-27',245148,NULL,'2026-01-30 16:57:07','2026-01-30 16:57:07','Eliege Santos'),(27,2,'Troca de bateria (Bateria Moura R$489)\r\nTrocou pastilha, sapata e burrinho','Zé mecânico ','Zé',0.00,'2026-02-10',245148,NULL,'2026-03-05 19:51:21','2026-03-05 19:51:21','Eliege Santos'),(29,3,'Troca do sensor de rotação ','Auto elétrica mangueiral  ','Jailton Grande ',260.00,'2026-03-16',42480,'Captura_de_tela_2026-03-17_120419_1773759897587.png','2026-03-17 15:04:57','2026-03-17 15:04:57','Eliege Santos'),(30,1,'Enduchamento da Rosca de fixação do parafuso do bico no cabeçote ','Test Diesel','Magno',250.00,'2026-03-25',199463,NULL,'2026-03-26 19:07:24','2026-03-26 19:07:24','Eliege Santos');
/*!40000 ALTER TABLE `veiculo_checklists` ENABLE KEYS */;
UNLOCK TABLES;

--
-- Table structure for table `veiculos`
--

DROP TABLE IF EXISTS `veiculos`;
/*!40101 SET @saved_cs_client     = @@character_set_client */;
/*!50503 SET character_set_client = utf8mb4 */;
CREATE TABLE `veiculos` (
  `id` int NOT NULL AUTO_INCREMENT,
  `marca` varchar(60) COLLATE utf8mb4_unicode_ci NOT NULL,
  `modelo` varchar(80) COLLATE utf8mb4_unicode_ci NOT NULL,
  `ano` int NOT NULL,
  `km` int NOT NULL,
  `foto` varchar(255) COLLATE utf8mb4_unicode_ci DEFAULT NULL,
  `criado_em` timestamp NULL DEFAULT CURRENT_TIMESTAMP,
  `atualizado_em` timestamp NULL DEFAULT CURRENT_TIMESTAMP ON UPDATE CURRENT_TIMESTAMP,
  `atualizado_por` varchar(100) COLLATE utf8mb4_unicode_ci DEFAULT NULL,
  PRIMARY KEY (`id`)
) ENGINE=InnoDB AUTO_INCREMENT=4 DEFAULT CHARSET=utf8mb4 COLLATE=utf8mb4_unicode_ci;
/*!40101 SET character_set_client = @saved_cs_client */;

--
-- Dumping data for table `veiculos`
--

LOCK TABLES `veiculos` WRITE;
/*!40000 ALTER TABLE `veiculos` DISABLE KEYS */;
INSERT INTO `veiculos` VALUES (1,'Renault ','Master',2011,191326,'Master_1757534013921.jpg','2025-09-10 19:53:33','2026-01-21 18:44:18','Eliege Santos'),(2,'Fiat','Strada',2013,236000,'Strada_1757534156424.jpg','2025-09-10 19:55:56','2026-01-28 21:51:26','David Silva'),(3,'Fiat','Fiorino',2010,43544,'Fiat_Fiorino_Fire_Cargo_ano_2008_1757534231548.jpg','2025-09-10 19:57:11','2026-02-27 18:32:44','David Silva');
/*!40000 ALTER TABLE `veiculos` ENABLE KEYS */;
UNLOCK TABLES;
/*!40103 SET TIME_ZONE=@OLD_TIME_ZONE */;

/*!40101 SET SQL_MODE=@OLD_SQL_MODE */;
/*!40014 SET FOREIGN_KEY_CHECKS=@OLD_FOREIGN_KEY_CHECKS */;
/*!40014 SET UNIQUE_CHECKS=@OLD_UNIQUE_CHECKS */;
/*!40101 SET CHARACTER_SET_CLIENT=@OLD_CHARACTER_SET_CLIENT */;
/*!40101 SET CHARACTER_SET_RESULTS=@OLD_CHARACTER_SET_RESULTS */;
/*!40101 SET COLLATION_CONNECTION=@OLD_COLLATION_CONNECTION */;
/*!40111 SET SQL_NOTES=@OLD_SQL_NOTES */;